name,url,img,code,description,category,category_link,additional_info
FWG Helios Black,https://faberindia.com/product/fwg-helios-black/,https://faberindia.com/wp-content/uploads/2021/11/Product-1-2-800x800.jpg,119.0658.147,"['Heavy duty Anode rode', 'Powerful heating element', 'Single tank welding', '8 BAR pressures', 'Temperature adjustable knob', 'Tank and heating element warranty(5+2 years)']","['Electric Storage', 'Water Heaters']","['https://faberindia.com/product-category/water-heaters/electric-storage/', 'https://faberindia.com/product-category/water-heaters/']","['(Litre - 10L, 15L, 25L)']"
FWG Helios Ivory Black,https://faberindia.com/product/fwg-helios-ivory-black/,https://faberindia.com/wp-content/uploads/2021/11/Product-2-800x800.jpg,119.0658.123,"['Heavy duty Anode rode', 'Powerful heating element', 'Single tank welding', '8 BAR pressures', 'Temperature adjustable knob', 'Tank and heating element warranty(5+2 years)', 'Heavy duty Anode rode', 'Powerful heating element', 'Single tank welding', '8 BAR pressures', 'Temperature adjustable knob', 'Tank and heating element warranty(5+2 years)']","['Electric Storage', 'Water Heaters', 'Electric Storage', 'Water Heaters']","['https://faberindia.com/product-category/water-heaters/electric-storage/', 'https://faberindia.com/product-category/water-heaters/', 'https://faberindia.com/product-category/water-heaters/electric-storage/', 'https://faberindia.com/product-category/water-heaters/']","['(Litre - 10L, 15L, 25L)', '(Litre - 10L, 15L, 25L)']"
FWG Lexus Red Ivory,https://faberindia.com/product/lexus-red-ivory/,https://faberindia.com/wp-content/uploads/2021/11/Geyser-final-new.194-800x800.jpg,131.0628.713,"['Heavy duty Anode rode', 'Powerful heating element', 'Single tank welding', '8 BAR pressures', 'Temperature adjustable knob', 'Tank and heating element warranty(5+2 years)', 'Heavy duty Anode rode', 'Powerful heating element', 'Single tank welding', '8 BAR pressures', 'Temperature adjustable knob', 'Tank and heating element warranty(5+2 years)', 'Heavy duty Anode rode', 'Powerful heating element', 'Single tank welding', '8 BAR pressures', 'Temperature adjustable knob', 'Tank and heating element warranty(5+2 years)']","['Electric Storage', 'Water Heaters', 'Electric Storage', 'Water Heaters', 'Electric Storage', 'Water Heaters']","['https://faberindia.com/product-category/water-heaters/electric-storage/', 'https://faberindia.com/product-category/water-heaters/', 'https://faberindia.com/product-category/water-heaters/electric-storage/', 'https://faberindia.com/product-category/water-heaters/', 'https://faberindia.com/product-category/water-heaters/electric-storage/', 'https://faberindia.com/product-category/water-heaters/']","['(Litre - 10L, 15L, 25L)', '(Litre - 10L, 15L, 25L)', '(Litre - 10L, 15L, 25L)']"
FWG Lexus Sandy Black,https://faberindia.com/product/lexus-sandy-black/,https://faberindia.com/wp-content/uploads/2021/11/lexus-sandy-black1main-800x800.jpg,119.0658.067,"['Heavy duty Anode rode', 'Powerful heating element', 'Single tank welding', '8 BAR pressures', 'Temperature adjustable knob', 'Tank and heating element warranty(5+2 years)', 'Heavy duty Anode rode', 'Powerful heating element', 'Single tank welding', '8 BAR pressures', 'Temperature adjustable knob', 'Tank and heating element warranty(5+2 years)', 'Heavy duty Anode rode', 'Powerful heating element', 'Single tank welding', '8 BAR pressures', 'Temperature adjustable knob', 'Tank and heating element warranty(5+2 years)', 'Heavy duty Anode rode', 'Powerful heating element', 'Single tank welding', '8 BAR pressures', 'Temperature adjustable knob', 'Tank and heating element warranty(5+2 years)']","['Electric Storage', 'Water Heaters', 'Electric Storage', 'Water Heaters', 'Electric Storage', 'Water Heaters', 'Electric Storage', 'Water Heaters']","['https://faberindia.com/product-category/water-heaters/electric-storage/', 'https://faberindia.com/product-category/water-heaters/', 'https://faberindia.com/product-category/water-heaters/electric-storage/', 'https://faberindia.com/product-category/water-heaters/', 'https://faberindia.com/product-category/water-heaters/electric-storage/', 'https://faberindia.com/product-category/water-heaters/', 'https://faberindia.com/product-category/water-heaters/electric-storage/', 'https://faberindia.com/product-category/water-heaters/']","['(Litre - 10L, 15L, 25L)', '(Litre - 10L, 15L, 25L)', '(Litre - 10L, 15L, 25L)', '(Litre - 10L, 15L, 25L)']"
FWG Vulcan 10V,https://faberindia.com/product/fwg-vulcan-10v/,https://faberindia.com/wp-content/uploads/2020/11/fwg-vulcan-6v-2.jpg,119.0596.655,"['Heavy duty Anode rode', 'Powerful heating element', 'Single tank welding', '8 BAR pressures', 'Temperature adjustable knob', 'Tank and heating element warranty(5+2 years)', 'Heavy duty Anode rode', 'Powerful heating element', 'Single tank welding', '8 BAR pressures', 'Temperature adjustable knob', 'Tank and heating element warranty(5+2 years)', 'Heavy duty Anode rode', 'Powerful heating element', 'Single tank welding', '8 BAR pressures', 'Temperature adjustable knob', 'Tank and heating element warranty(5+2 years)', 'Heavy duty Anode rode', 'Powerful heating element', 'Single tank welding', '8 BAR pressures', 'Temperature adjustable knob', 'Tank and heating element warranty(5+2 years)', 'Capacity: 10L', 'Rated power input: 2000W', 'Control: Variable Adjustment (30-75 Degree C)', 'Outer Cover Laminated: Plastic Polyapp (PP)']","['Electric Storage', 'Water Heaters', 'Electric Storage', 'Water Heaters', 'Electric Storage', 'Water Heaters', 'Electric Storage', 'Water Heaters', 'Electric Storage', 'Water Heaters']","['https://faberindia.com/product-category/water-heaters/electric-storage/', 'https://faberindia.com/product-category/water-heaters/', 'https://faberindia.com/product-category/water-heaters/electric-storage/', 'https://faberindia.com/product-category/water-heaters/', 'https://faberindia.com/product-category/water-heaters/electric-storage/', 'https://faberindia.com/product-category/water-heaters/', 'https://faberindia.com/product-category/water-heaters/electric-storage/', 'https://faberindia.com/product-category/water-heaters/', 'https://faberindia.com/product-category/water-heaters/electric-storage/', 'https://faberindia.com/product-category/water-heaters/']","['(Litre - 10L, 15L, 25L)', '(Litre - 10L, 15L, 25L)', '(Litre - 10L, 15L, 25L)', '(Litre - 10L, 15L, 25L)', '(Capacity - 10 L)', '(Installation - Vertical)', '(Color - White)', '(Heating Indicator - Yes)', '(Control - Variable Adjustment (30-75 Degree C))', '(Outer Cover Laminated - Plastic Polyapp (PP))', '(Rated Power Input - 2000 W)', '(Rated Voltage - 230 V)', '(Rated Input Current - 16 Ampere)', '(Rated Frequency - 50 Hz)', '(Tank Material - CRCA EDD Grade)', '(Safety Valve - Multi-functional Safety Valve)', '(Thermostat - Yes)', '(Thermal Cut Off - Yes)', '(Accessories - Geyser, Manual , Wall mounting accessory, Connecting Water Pipes)', '(Tank Warranty - 5 Year)', '(Heating Element Warranty - 2 Year)', '(Body and Electrical Components Warranty - 1 Year)']"
FWG Vulcan 15V,https://faberindia.com/product/fwg-vulcan-15v/,https://faberindia.com/wp-content/uploads/2020/11/fwg-vulcan-6v-2.jpg,119.0596.656-1,"['Heavy duty Anode rode', 'Powerful heating element', 'Single tank welding', '8 BAR pressures', 'Temperature adjustable knob', 'Tank and heating element warranty(5+2 years)', 'Heavy duty Anode rode', 'Powerful heating element', 'Single tank welding', '8 BAR pressures', 'Temperature adjustable knob', 'Tank and heating element warranty(5+2 years)', 'Heavy duty Anode rode', 'Powerful heating element', 'Single tank welding', '8 BAR pressures', 'Temperature adjustable knob', 'Tank and heating element warranty(5+2 years)', 'Heavy duty Anode rode', 'Powerful heating element', 'Single tank welding', '8 BAR pressures', 'Temperature adjustable knob', 'Tank and heating element warranty(5+2 years)', 'Capacity: 10L', 'Rated power input: 2000W', 'Control: Variable Adjustment (30-75 Degree C)', 'Outer Cover Laminated: Plastic Polyapp (PP)', 'Capacity: 15L', 'Rated power input: 2000W', 'Control: Variable Adjustment (30-75 Degree C)', 'Outer Cover Laminated: Plastic Polyapp (PP)']","['Electric Storage', 'Water Heaters', 'Electric Storage', 'Water Heaters', 'Electric Storage', 'Water Heaters', 'Electric Storage', 'Water Heaters', 'Electric Storage', 'Water Heaters', 'Electric Storage', 'Water Heaters']","['https://faberindia.com/product-category/water-heaters/electric-storage/', 'https://faberindia.com/product-category/water-heaters/', 'https://faberindia.com/product-category/water-heaters/electric-storage/', 'https://faberindia.com/product-category/water-heaters/', 'https://faberindia.com/product-category/water-heaters/electric-storage/', 'https://faberindia.com/product-category/water-heaters/', 'https://faberindia.com/product-category/water-heaters/electric-storage/', 'https://faberindia.com/product-category/water-heaters/', 'https://faberindia.com/product-category/water-heaters/electric-storage/', 'https://faberindia.com/product-category/water-heaters/', 'https://faberindia.com/product-category/water-heaters/electric-storage/', 'https://faberindia.com/product-category/water-heaters/']","['(Litre - 10L, 15L, 25L)', '(Litre - 10L, 15L, 25L)', '(Litre - 10L, 15L, 25L)', '(Litre - 10L, 15L, 25L)', '(Capacity - 10 L)', '(Installation - Vertical)', '(Color - White)', '(Heating Indicator - Yes)', '(Control - Variable Adjustment (30-75 Degree C))', '(Outer Cover Laminated - Plastic Polyapp (PP))', '(Rated Power Input - 2000 W)', '(Rated Voltage - 230 V)', '(Rated Input Current - 16 Ampere)', '(Rated Frequency - 50 Hz)', '(Tank Material - CRCA EDD Grade)', '(Safety Valve - Multi-functional Safety Valve)', '(Thermostat - Yes)', '(Thermal Cut Off - Yes)', '(Accessories - Geyser, Manual , Wall mounting accessory, Connecting Water Pipes)', '(Tank Warranty - 5 Year)', '(Heating Element Warranty - 2 Year)', '(Body and Electrical Components Warranty - 1 Year)', '(Capacity - 15 L)', '(Installation - Vertical)', '(Color - White)', '(Heating Indicator - Yes)', '(Control - Variable Adjustment (30-75 Degree C))', '(Outer Cover Laminated - Plastic Polyapp (PP))', '(Rated Power Input - 2000 W)', '(Rated Voltage - 230 V)', '(Rated Input Current - 16 Ampere)', '(Rated Frequency - 50 Hz)', '(Tank Material - CRCA EDD Grade)', '(Safety Valve - Multi-functional Safety Valve)', '(Thermostat - Yes)', '(Thermal Cut Off - Yes)', '(Accessories - Geyser, Manual , Wall mounting accessory, Connecting Water Pipes)', '(Tank Warranty - 5 Year)', '(Heating Element Warranty - 2 Year)', '(Body and Electrical Components Warranty - 1 Year)']"
FWG Vulcan 25V,https://faberindia.com/product/fwg-vulcan-25v/,https://faberindia.com/wp-content/uploads/2020/11/fwg-vulcan-6v-2.jpg,119.0596.658-1,"['Heavy duty Anode rode', 'Powerful heating element', 'Single tank welding', '8 BAR pressures', 'Temperature adjustable knob', 'Tank and heating element warranty(5+2 years)', 'Heavy duty Anode rode', 'Powerful heating element', 'Single tank welding', '8 BAR pressures', 'Temperature adjustable knob', 'Tank and heating element warranty(5+2 years)', 'Heavy duty Anode rode', 'Powerful heating element', 'Single tank welding', '8 BAR pressures', 'Temperature adjustable knob', 'Tank and heating element warranty(5+2 years)', 'Heavy duty Anode rode', 'Powerful heating element', 'Single tank welding', '8 BAR pressures', 'Temperature adjustable knob', 'Tank and heating element warranty(5+2 years)', 'Capacity: 10L', 'Rated power input: 2000W', 'Control: Variable Adjustment (30-75 Degree C)', 'Outer Cover Laminated: Plastic Polyapp (PP)', 'Capacity: 15L', 'Rated power input: 2000W', 'Control: Variable Adjustment (30-75 Degree C)', 'Outer Cover Laminated: Plastic Polyapp (PP)', 'Capacity: 25L', 'Rated power input: 2000W', 'Control: Variable Adjustment (30-75 Degree C)', 'Outer Cover Laminated: Plastic Polyapp (PP)']","['Electric Storage', 'Water Heaters', 'Electric Storage', 'Water Heaters', 'Electric Storage', 'Water Heaters', 'Electric Storage', 'Water Heaters', 'Electric Storage', 'Water Heaters', 'Electric Storage', 'Water Heaters', 'Electric Storage', 'Water Heaters']","['https://faberindia.com/product-category/water-heaters/electric-storage/', 'https://faberindia.com/product-category/water-heaters/', 'https://faberindia.com/product-category/water-heaters/electric-storage/', 'https://faberindia.com/product-category/water-heaters/', 'https://faberindia.com/product-category/water-heaters/electric-storage/', 'https://faberindia.com/product-category/water-heaters/', 'https://faberindia.com/product-category/water-heaters/electric-storage/', 'https://faberindia.com/product-category/water-heaters/', 'https://faberindia.com/product-category/water-heaters/electric-storage/', 'https://faberindia.com/product-category/water-heaters/', 'https://faberindia.com/product-category/water-heaters/electric-storage/', 'https://faberindia.com/product-category/water-heaters/', 'https://faberindia.com/product-category/water-heaters/electric-storage/', 'https://faberindia.com/product-category/water-heaters/']","['(Litre - 10L, 15L, 25L)', '(Litre - 10L, 15L, 25L)', '(Litre - 10L, 15L, 25L)', '(Litre - 10L, 15L, 25L)', '(Capacity - 10 L)', '(Installation - Vertical)', '(Color - White)', '(Heating Indicator - Yes)', '(Control - Variable Adjustment (30-75 Degree C))', '(Outer Cover Laminated - Plastic Polyapp (PP))', '(Rated Power Input - 2000 W)', '(Rated Voltage - 230 V)', '(Rated Input Current - 16 Ampere)', '(Rated Frequency - 50 Hz)', '(Tank Material - CRCA EDD Grade)', '(Safety Valve - Multi-functional Safety Valve)', '(Thermostat - Yes)', '(Thermal Cut Off - Yes)', '(Accessories - Geyser, Manual , Wall mounting accessory, Connecting Water Pipes)', '(Tank Warranty - 5 Year)', '(Heating Element Warranty - 2 Year)', '(Body and Electrical Components Warranty - 1 Year)', '(Capacity - 15 L)', '(Installation - Vertical)', '(Color - White)', '(Heating Indicator - Yes)', '(Control - Variable Adjustment (30-75 Degree C))', '(Outer Cover Laminated - Plastic Polyapp (PP))', '(Rated Power Input - 2000 W)', '(Rated Voltage - 230 V)', '(Rated Input Current - 16 Ampere)', '(Rated Frequency - 50 Hz)', '(Tank Material - CRCA EDD Grade)', '(Safety Valve - Multi-functional Safety Valve)', '(Thermostat - Yes)', '(Thermal Cut Off - Yes)', '(Accessories - Geyser, Manual , Wall mounting accessory, Connecting Water Pipes)', '(Tank Warranty - 5 Year)', '(Heating Element Warranty - 2 Year)', '(Body and Electrical Components Warranty - 1 Year)', '(Capacity - 25 L)', '(Installation - Vertical)', '(Color - White)', '(Heating Indicator - Yes)', '(Control - Variable Adjustment (30-75 Degree C))', '(Outer Cover Laminated - Plastic Polyapp (PP))', '(Rated Power Input - 2000 W)', '(Rated Voltage - 230 V)', '(Rated Input Current - 16 Ampere)', '(Rated Frequency - 50 Hz)', '(Tank Material - CRCA EDD Grade)', '(Safety Valve - Multi-functional Safety Valve)', '(Thermostat - Yes)', '(Thermal Cut Off - Yes)', '(Accessories - Geyser, Manual , Wall mounting accessory, Connecting Water Pipes)', '(Tank Warranty - 5 Year)', '(Heating Element Warranty - 2 Year)', '(Body and Electrical Components Warranty - 1 Year)']"
FWG Vulcan 6V,https://faberindia.com/product/fwg-vulcan-6v/,https://faberindia.com/wp-content/uploads/2020/11/fwg-vulcan-6v-2.jpg,119.0596.654,"['Heavy duty Anode rode', 'Powerful heating element', 'Single tank welding', '8 BAR pressures', 'Temperature adjustable knob', 'Tank and heating element warranty(5+2 years)', 'Heavy duty Anode rode', 'Powerful heating element', 'Single tank welding', '8 BAR pressures', 'Temperature adjustable knob', 'Tank and heating element warranty(5+2 years)', 'Heavy duty Anode rode', 'Powerful heating element', 'Single tank welding', '8 BAR pressures', 'Temperature adjustable knob', 'Tank and heating element warranty(5+2 years)', 'Heavy duty Anode rode', 'Powerful heating element', 'Single tank welding', '8 BAR pressures', 'Temperature adjustable knob', 'Tank and heating element warranty(5+2 years)', 'Capacity: 10L', 'Rated power input: 2000W', 'Control: Variable Adjustment (30-75 Degree C)', 'Outer Cover Laminated: Plastic Polyapp (PP)', 'Capacity: 15L', 'Rated power input: 2000W', 'Control: Variable Adjustment (30-75 Degree C)', 'Outer Cover Laminated: Plastic Polyapp (PP)', 'Capacity: 25L', 'Rated power input: 2000W', 'Control: Variable Adjustment (30-75 Degree C)', 'Outer Cover Laminated: Plastic Polyapp (PP)', 'Capacity: 6L', 'Rated power input: 2000W', 'Control: Variable Adjustment (30-75 Degree C)', 'Outer Cover Laminated: Plastic Polyapp (PP)']","['Electric Storage', 'Water Heaters', 'Electric Storage', 'Water Heaters', 'Electric Storage', 'Water Heaters', 'Electric Storage', 'Water Heaters', 'Electric Storage', 'Water Heaters', 'Electric Storage', 'Water Heaters', 'Electric Storage', 'Water Heaters', 'Electric Storage', 'Water Heaters']","['https://faberindia.com/product-category/water-heaters/electric-storage/', 'https://faberindia.com/product-category/water-heaters/', 'https://faberindia.com/product-category/water-heaters/electric-storage/', 'https://faberindia.com/product-category/water-heaters/', 'https://faberindia.com/product-category/water-heaters/electric-storage/', 'https://faberindia.com/product-category/water-heaters/', 'https://faberindia.com/product-category/water-heaters/electric-storage/', 'https://faberindia.com/product-category/water-heaters/', 'https://faberindia.com/product-category/water-heaters/electric-storage/', 'https://faberindia.com/product-category/water-heaters/', 'https://faberindia.com/product-category/water-heaters/electric-storage/', 'https://faberindia.com/product-category/water-heaters/', 'https://faberindia.com/product-category/water-heaters/electric-storage/', 'https://faberindia.com/product-category/water-heaters/', 'https://faberindia.com/product-category/water-heaters/electric-storage/', 'https://faberindia.com/product-category/water-heaters/']","['(Litre - 10L, 15L, 25L)', '(Litre - 10L, 15L, 25L)', '(Litre - 10L, 15L, 25L)', '(Litre - 10L, 15L, 25L)', '(Capacity - 10 L)', '(Installation - Vertical)', '(Color - White)', '(Heating Indicator - Yes)', '(Control - Variable Adjustment (30-75 Degree C))', '(Outer Cover Laminated - Plastic Polyapp (PP))', '(Rated Power Input - 2000 W)', '(Rated Voltage - 230 V)', '(Rated Input Current - 16 Ampere)', '(Rated Frequency - 50 Hz)', '(Tank Material - CRCA EDD Grade)', '(Safety Valve - Multi-functional Safety Valve)', '(Thermostat - Yes)', '(Thermal Cut Off - Yes)', '(Accessories - Geyser, Manual , Wall mounting accessory, Connecting Water Pipes)', '(Tank Warranty - 5 Year)', '(Heating Element Warranty - 2 Year)', '(Body and Electrical Components Warranty - 1 Year)', '(Capacity - 15 L)', '(Installation - Vertical)', '(Color - White)', '(Heating Indicator - Yes)', '(Control - Variable Adjustment (30-75 Degree C))', '(Outer Cover Laminated - Plastic Polyapp (PP))', '(Rated Power Input - 2000 W)', '(Rated Voltage - 230 V)', '(Rated Input Current - 16 Ampere)', '(Rated Frequency - 50 Hz)', '(Tank Material - CRCA EDD Grade)', '(Safety Valve - Multi-functional Safety Valve)', '(Thermostat - Yes)', '(Thermal Cut Off - Yes)', '(Accessories - Geyser, Manual , Wall mounting accessory, Connecting Water Pipes)', '(Tank Warranty - 5 Year)', '(Heating Element Warranty - 2 Year)', '(Body and Electrical Components Warranty - 1 Year)', '(Capacity - 25 L)', '(Installation - Vertical)', '(Color - White)', '(Heating Indicator - Yes)', '(Control - Variable Adjustment (30-75 Degree C))', '(Outer Cover Laminated - Plastic Polyapp (PP))', '(Rated Power Input - 2000 W)', '(Rated Voltage - 230 V)', '(Rated Input Current - 16 Ampere)', '(Rated Frequency - 50 Hz)', '(Tank Material - CRCA EDD Grade)', '(Safety Valve - Multi-functional Safety Valve)', '(Thermostat - Yes)', '(Thermal Cut Off - Yes)', '(Accessories - Geyser, Manual , Wall mounting accessory, Connecting Water Pipes)', '(Tank Warranty - 5 Year)', '(Heating Element Warranty - 2 Year)', '(Body and Electrical Components Warranty - 1 Year)', '(Capacity - 6 L)', '(Installation - Vertical)', '(Color - White)', '(Heating Indicator - Yes)', '(Control - Variable Adjustment (30-75 Degree C))', '(Outer Cover Laminated - Plastic Polyapp (PP))', '(Rated Power Input - 2000 W)', '(Rated Voltage - 230 V)', '(Rated Input Current - 16 Ampere)', '(Rated Frequency - 50 Hz)', '(Tank Material - CRCA EDD Grade)', '(Safety Valve - Multi-functional Safety Valve)', '(Thermostat - Yes)', '(Thermal Cut Off - Yes)', '(Accessories - Geyser, Manual , Wall mounting accessory, Connecting Water Pipes)', '(Tank Warranty - 5 Year)', '(Heating Element Warranty - 2 Year)', '(Body and Electrical Components Warranty - 1 Year)']"
FWH JAZZ 15H,https://faberindia.com/product/fwh-jazz-15h/,https://faberindia.com/wp-content/uploads/2020/12/Jazz-15L-H-final.png,119.0596.664,"['Heavy duty Anode rode', 'Powerful heating element', 'Single tank welding', '8 BAR pressures', 'Temperature adjustable knob', 'Tank and heating element warranty(5+2 years)', 'Heavy duty Anode rode', 'Powerful heating element', 'Single tank welding', '8 BAR pressures', 'Temperature adjustable knob', 'Tank and heating element warranty(5+2 years)', 'Heavy duty Anode rode', 'Powerful heating element', 'Single tank welding', '8 BAR pressures', 'Temperature adjustable knob', 'Tank and heating element warranty(5+2 years)', 'Heavy duty Anode rode', 'Powerful heating element', 'Single tank welding', '8 BAR pressures', 'Temperature adjustable knob', 'Tank and heating element warranty(5+2 years)', 'Capacity: 10L', 'Rated power input: 2000W', 'Control: Variable Adjustment (30-75 Degree C)', 'Outer Cover Laminated: Plastic Polyapp (PP)', 'Capacity: 15L', 'Rated power input: 2000W', 'Control: Variable Adjustment (30-75 Degree C)', 'Outer Cover Laminated: Plastic Polyapp (PP)', 'Capacity: 25L', 'Rated power input: 2000W', 'Control: Variable Adjustment (30-75 Degree C)', 'Outer Cover Laminated: Plastic Polyapp (PP)', 'Capacity: 6L', 'Rated power input: 2000W', 'Control: Variable Adjustment (30-75 Degree C)', 'Outer Cover Laminated: Plastic Polyapp (PP)', 'Capacity – 15 L', 'Installation – Horizontal', 'Color – White', 'Heating indicator – Yes', 'Controls – Variable Adjustment (30-75 Degree C)']","['Electric Storage', 'Water Heaters', 'Electric Storage', 'Water Heaters', 'Electric Storage', 'Water Heaters', 'Electric Storage', 'Water Heaters', 'Electric Storage', 'Water Heaters', 'Electric Storage', 'Water Heaters', 'Electric Storage', 'Water Heaters', 'Electric Storage', 'Water Heaters', 'Electric Storage', 'Water Heaters']","['https://faberindia.com/product-category/water-heaters/electric-storage/', 'https://faberindia.com/product-category/water-heaters/', 'https://faberindia.com/product-category/water-heaters/electric-storage/', 'https://faberindia.com/product-category/water-heaters/', 'https://faberindia.com/product-category/water-heaters/electric-storage/', 'https://faberindia.com/product-category/water-heaters/', 'https://faberindia.com/product-category/water-heaters/electric-storage/', 'https://faberindia.com/product-category/water-heaters/', 'https://faberindia.com/product-category/water-heaters/electric-storage/', 'https://faberindia.com/product-category/water-heaters/', 'https://faberindia.com/product-category/water-heaters/electric-storage/', 'https://faberindia.com/product-category/water-heaters/', 'https://faberindia.com/product-category/water-heaters/electric-storage/', 'https://faberindia.com/product-category/water-heaters/', 'https://faberindia.com/product-category/water-heaters/electric-storage/', 'https://faberindia.com/product-category/water-heaters/', 'https://faberindia.com/product-category/water-heaters/electric-storage/', 'https://faberindia.com/product-category/water-heaters/']","['(Litre - 10L, 15L, 25L)', '(Litre - 10L, 15L, 25L)', '(Litre - 10L, 15L, 25L)', '(Litre - 10L, 15L, 25L)', '(Capacity - 10 L)', '(Installation - Vertical)', '(Color - White)', '(Heating Indicator - Yes)', '(Control - Variable Adjustment (30-75 Degree C))', '(Outer Cover Laminated - Plastic Polyapp (PP))', '(Rated Power Input - 2000 W)', '(Rated Voltage - 230 V)', '(Rated Input Current - 16 Ampere)', '(Rated Frequency - 50 Hz)', '(Tank Material - CRCA EDD Grade)', '(Safety Valve - Multi-functional Safety Valve)', '(Thermostat - Yes)', '(Thermal Cut Off - Yes)', '(Accessories - Geyser, Manual , Wall mounting accessory, Connecting Water Pipes)', '(Tank Warranty - 5 Year)', '(Heating Element Warranty - 2 Year)', '(Body and Electrical Components Warranty - 1 Year)', '(Capacity - 15 L)', '(Installation - Vertical)', '(Color - White)', '(Heating Indicator - Yes)', '(Control - Variable Adjustment (30-75 Degree C))', '(Outer Cover Laminated - Plastic Polyapp (PP))', '(Rated Power Input - 2000 W)', '(Rated Voltage - 230 V)', '(Rated Input Current - 16 Ampere)', '(Rated Frequency - 50 Hz)', '(Tank Material - CRCA EDD Grade)', '(Safety Valve - Multi-functional Safety Valve)', '(Thermostat - Yes)', '(Thermal Cut Off - Yes)', '(Accessories - Geyser, Manual , Wall mounting accessory, Connecting Water Pipes)', '(Tank Warranty - 5 Year)', '(Heating Element Warranty - 2 Year)', '(Body and Electrical Components Warranty - 1 Year)', '(Capacity - 25 L)', '(Installation - Vertical)', '(Color - White)', '(Heating Indicator - Yes)', '(Control - Variable Adjustment (30-75 Degree C))', '(Outer Cover Laminated - Plastic Polyapp (PP))', '(Rated Power Input - 2000 W)', '(Rated Voltage - 230 V)', '(Rated Input Current - 16 Ampere)', '(Rated Frequency - 50 Hz)', '(Tank Material - CRCA EDD Grade)', '(Safety Valve - Multi-functional Safety Valve)', '(Thermostat - Yes)', '(Thermal Cut Off - Yes)', '(Accessories - Geyser, Manual , Wall mounting accessory, Connecting Water Pipes)', '(Tank Warranty - 5 Year)', '(Heating Element Warranty - 2 Year)', '(Body and Electrical Components Warranty - 1 Year)', '(Capacity - 6 L)', '(Installation - Vertical)', '(Color - White)', '(Heating Indicator - Yes)', '(Control - Variable Adjustment (30-75 Degree C))', '(Outer Cover Laminated - Plastic Polyapp (PP))', '(Rated Power Input - 2000 W)', '(Rated Voltage - 230 V)', '(Rated Input Current - 16 Ampere)', '(Rated Frequency - 50 Hz)', '(Tank Material - CRCA EDD Grade)', '(Safety Valve - Multi-functional Safety Valve)', '(Thermostat - Yes)', '(Thermal Cut Off - Yes)', '(Accessories - Geyser, Manual , Wall mounting accessory, Connecting Water Pipes)', '(Tank Warranty - 5 Year)', '(Heating Element Warranty - 2 Year)', '(Body and Electrical Components Warranty - 1 Year)', '(Capacity - 15 L)', '(Installation - Horizontal)', '(Color - White)', '(Heating indicator - Yes)', '(Controls - Variable Adjustment (30-75 Degree C))', '(Outer Cover - Steel Powder Coated)', '(Rated power input - 2000 W)', '(Rated Voltage - 230 V)', '(Rated input current - 16 Ampere)', '(Rated Frequency - 50 Hz)', '(Rated Star Rating - 4 Star Rating)', '(Tank material - CRCA EDD Grade)', '(Safety valve - Multi-functional Safety Valve)', '(Thermostat - Yes)', '(Thermal cut off - Yes)', '(Accessories - Geyser, manual, Wall mounting accessory, Connecting Water Pipes)', '(Warranty - 7 Year – Tank Warranty, 4 Year – Heating Element Warranty and 2 Year – Product)']"
FWG JAZZ 25 LH,https://faberindia.com/product/fwh-jazz-25h/,https://faberindia.com/wp-content/uploads/2020/12/Jazz25LHFinal.png,119.0596.665,"['Heavy duty Anode rode', 'Powerful heating element', 'Single tank welding', '8 BAR pressures', 'Temperature adjustable knob', 'Tank and heating element warranty(5+2 years)', 'Heavy duty Anode rode', 'Powerful heating element', 'Single tank welding', '8 BAR pressures', 'Temperature adjustable knob', 'Tank and heating element warranty(5+2 years)', 'Heavy duty Anode rode', 'Powerful heating element', 'Single tank welding', '8 BAR pressures', 'Temperature adjustable knob', 'Tank and heating element warranty(5+2 years)', 'Heavy duty Anode rode', 'Powerful heating element', 'Single tank welding', '8 BAR pressures', 'Temperature adjustable knob', 'Tank and heating element warranty(5+2 years)', 'Capacity: 10L', 'Rated power input: 2000W', 'Control: Variable Adjustment (30-75 Degree C)', 'Outer Cover Laminated: Plastic Polyapp (PP)', 'Capacity: 15L', 'Rated power input: 2000W', 'Control: Variable Adjustment (30-75 Degree C)', 'Outer Cover Laminated: Plastic Polyapp (PP)', 'Capacity: 25L', 'Rated power input: 2000W', 'Control: Variable Adjustment (30-75 Degree C)', 'Outer Cover Laminated: Plastic Polyapp (PP)', 'Capacity: 6L', 'Rated power input: 2000W', 'Control: Variable Adjustment (30-75 Degree C)', 'Outer Cover Laminated: Plastic Polyapp (PP)', 'Capacity – 15 L', 'Installation – Horizontal', 'Color – White', 'Heating indicator – Yes', 'Controls – Variable Adjustment (30-75 Degree C)', 'Capacity : 25 L', 'Installation: Horizontal', 'Color: White', 'Heating indicator: Yes', 'Controls : Variable Adjustment (30-75 Degree C)']","['Electric Storage', 'Water Heaters', 'Electric Storage', 'Water Heaters', 'Electric Storage', 'Water Heaters', 'Electric Storage', 'Water Heaters', 'Electric Storage', 'Water Heaters', 'Electric Storage', 'Water Heaters', 'Electric Storage', 'Water Heaters', 'Electric Storage', 'Water Heaters', 'Electric Storage', 'Water Heaters', 'Electric Storage', 'Water Heaters']","['https://faberindia.com/product-category/water-heaters/electric-storage/', 'https://faberindia.com/product-category/water-heaters/', 'https://faberindia.com/product-category/water-heaters/electric-storage/', 'https://faberindia.com/product-category/water-heaters/', 'https://faberindia.com/product-category/water-heaters/electric-storage/', 'https://faberindia.com/product-category/water-heaters/', 'https://faberindia.com/product-category/water-heaters/electric-storage/', 'https://faberindia.com/product-category/water-heaters/', 'https://faberindia.com/product-category/water-heaters/electric-storage/', 'https://faberindia.com/product-category/water-heaters/', 'https://faberindia.com/product-category/water-heaters/electric-storage/', 'https://faberindia.com/product-category/water-heaters/', 'https://faberindia.com/product-category/water-heaters/electric-storage/', 'https://faberindia.com/product-category/water-heaters/', 'https://faberindia.com/product-category/water-heaters/electric-storage/', 'https://faberindia.com/product-category/water-heaters/', 'https://faberindia.com/product-category/water-heaters/electric-storage/', 'https://faberindia.com/product-category/water-heaters/', 'https://faberindia.com/product-category/water-heaters/electric-storage/', 'https://faberindia.com/product-category/water-heaters/']","['(Litre - 10L, 15L, 25L)', '(Litre - 10L, 15L, 25L)', '(Litre - 10L, 15L, 25L)', '(Litre - 10L, 15L, 25L)', '(Capacity - 10 L)', '(Installation - Vertical)', '(Color - White)', '(Heating Indicator - Yes)', '(Control - Variable Adjustment (30-75 Degree C))', '(Outer Cover Laminated - Plastic Polyapp (PP))', '(Rated Power Input - 2000 W)', '(Rated Voltage - 230 V)', '(Rated Input Current - 16 Ampere)', '(Rated Frequency - 50 Hz)', '(Tank Material - CRCA EDD Grade)', '(Safety Valve - Multi-functional Safety Valve)', '(Thermostat - Yes)', '(Thermal Cut Off - Yes)', '(Accessories - Geyser, Manual , Wall mounting accessory, Connecting Water Pipes)', '(Tank Warranty - 5 Year)', '(Heating Element Warranty - 2 Year)', '(Body and Electrical Components Warranty - 1 Year)', '(Capacity - 15 L)', '(Installation - Vertical)', '(Color - White)', '(Heating Indicator - Yes)', '(Control - Variable Adjustment (30-75 Degree C))', '(Outer Cover Laminated - Plastic Polyapp (PP))', '(Rated Power Input - 2000 W)', '(Rated Voltage - 230 V)', '(Rated Input Current - 16 Ampere)', '(Rated Frequency - 50 Hz)', '(Tank Material - CRCA EDD Grade)', '(Safety Valve - Multi-functional Safety Valve)', '(Thermostat - Yes)', '(Thermal Cut Off - Yes)', '(Accessories - Geyser, Manual , Wall mounting accessory, Connecting Water Pipes)', '(Tank Warranty - 5 Year)', '(Heating Element Warranty - 2 Year)', '(Body and Electrical Components Warranty - 1 Year)', '(Capacity - 25 L)', '(Installation - Vertical)', '(Color - White)', '(Heating Indicator - Yes)', '(Control - Variable Adjustment (30-75 Degree C))', '(Outer Cover Laminated - Plastic Polyapp (PP))', '(Rated Power Input - 2000 W)', '(Rated Voltage - 230 V)', '(Rated Input Current - 16 Ampere)', '(Rated Frequency - 50 Hz)', '(Tank Material - CRCA EDD Grade)', '(Safety Valve - Multi-functional Safety Valve)', '(Thermostat - Yes)', '(Thermal Cut Off - Yes)', '(Accessories - Geyser, Manual , Wall mounting accessory, Connecting Water Pipes)', '(Tank Warranty - 5 Year)', '(Heating Element Warranty - 2 Year)', '(Body and Electrical Components Warranty - 1 Year)', '(Capacity - 6 L)', '(Installation - Vertical)', '(Color - White)', '(Heating Indicator - Yes)', '(Control - Variable Adjustment (30-75 Degree C))', '(Outer Cover Laminated - Plastic Polyapp (PP))', '(Rated Power Input - 2000 W)', '(Rated Voltage - 230 V)', '(Rated Input Current - 16 Ampere)', '(Rated Frequency - 50 Hz)', '(Tank Material - CRCA EDD Grade)', '(Safety Valve - Multi-functional Safety Valve)', '(Thermostat - Yes)', '(Thermal Cut Off - Yes)', '(Accessories - Geyser, Manual , Wall mounting accessory, Connecting Water Pipes)', '(Tank Warranty - 5 Year)', '(Heating Element Warranty - 2 Year)', '(Body and Electrical Components Warranty - 1 Year)', '(Capacity - 15 L)', '(Installation - Horizontal)', '(Color - White)', '(Heating indicator - Yes)', '(Controls - Variable Adjustment (30-75 Degree C))', '(Outer Cover - Steel Powder Coated)', '(Rated power input - 2000 W)', '(Rated Voltage - 230 V)', '(Rated input current - 16 Ampere)', '(Rated Frequency - 50 Hz)', '(Rated Star Rating - 4 Star Rating)', '(Tank material - CRCA EDD Grade)', '(Safety valve - Multi-functional Safety Valve)', '(Thermostat - Yes)', '(Thermal cut off - Yes)', '(Accessories - Geyser, manual, Wall mounting accessory, Connecting Water Pipes)', '(Warranty - 7 Year – Tank Warranty, 4 Year – Heating Element Warranty and 2 Year – Product)', '(Capacity - 25 L)', '(Installation - Horizontal)', '(Color - White)', '(Heating indicator - Yes)', '(Controls - Variable Adjustement (30-75 Degree C))', '(Outer Cover - Steel Powder Coated)', '(Rated Voltage - 230 V)', '(Rated input current - 16 Ampere)', '(Rated Frequency - 50 Hz)', '(Rated Star Rating - 4 Star Rating)', '(Tank material - CRCA EDD Grade)', '(Safety valve - Multi-functional Safety Valve)', '(Thermostat - YES)', '(Thermal cut off - YES)', '(Accessories - Geyser , manual, Wall mounting accessory, Connecting Water Pipes)', '(Warranty - 7 Year – Tank Warranty, 4 Year – Heating Element Warranty and 2 Year – Product)']"
