name,url,img,code,description,category,category_link,additional_info
FK 1.2L SS,https://faberindia.com/product/fk-1-2l-ss-2/,https://faberindia.com/wp-content/uploads/2021/11/1500x1500_2-800x800.jpg,131.0661.198,"['Filter', 'Cool touch handle', 'Safety Lock lead', '360 Degree power base', 'Auto switch off', 'Dry heat protection']","['Kettles', 'Small Appliances']","['https://faberindia.com/product-category/small-appliances/kettles/', 'https://faberindia.com/product-category/small-appliances/']",[]
FK 1.5L SS,https://faberindia.com/product/fk-1-5l-ss-2/,https://faberindia.com/wp-content/uploads/2021/11/1500x1500_2-1-800x800.jpg,131.0661.198,"['Filter', 'Cool touch handle', 'Safety Lock lead', '360 Degree power base', 'Auto switch off', 'Dry heat protection', 'Filter', 'Cool touch handle', 'Safety Lock lead', '360 Degree power base', 'Auto switch off', 'Dry heat protection']","['Kettles', 'Small Appliances', 'Kettles', 'Small Appliances']","['https://faberindia.com/product-category/small-appliances/kettles/', 'https://faberindia.com/product-category/small-appliances/', 'https://faberindia.com/product-category/small-appliances/kettles/', 'https://faberindia.com/product-category/small-appliances/']",[]
FK 1.7L BK,https://faberindia.com/product/fk-1-7l-bk/,https://faberindia.com/wp-content/uploads/2021/12/1-6-800x800.jpg,131.0637.256,"['Filter', 'Cool touch handle', 'Safety Lock lead', '360 Degree power base', 'Auto switch off', 'Dry heat protection', 'Filter', 'Cool touch handle', 'Safety Lock lead', '360 Degree power base', 'Auto switch off', 'Dry heat protection', 'Filter', 'Cool touch handle', 'Safety Lock lead', '360 Degree power base', 'Auto switch off', 'Dry heat protection']","['Kettles', 'Small Appliances', 'Kettles', 'Small Appliances', 'Kettles', 'Small Appliances']","['https://faberindia.com/product-category/small-appliances/kettles/', 'https://faberindia.com/product-category/small-appliances/', 'https://faberindia.com/product-category/small-appliances/kettles/', 'https://faberindia.com/product-category/small-appliances/', 'https://faberindia.com/product-category/small-appliances/kettles/', 'https://faberindia.com/product-category/small-appliances/']",[]
FK 1.8L SS,https://faberindia.com/product/fk-1-8l-ss-2/,https://faberindia.com/wp-content/uploads/2021/11/1500x1500_3-800x800.jpg,131.0657.507,"['Filter', 'Cool touch handle', 'Safety Lock lead', '360 Degree power base', 'Auto switch off', 'Dry heat protection', 'Filter', 'Cool touch handle', 'Safety Lock lead', '360 Degree power base', 'Auto switch off', 'Dry heat protection', 'Filter', 'Cool touch handle', 'Safety Lock lead', '360 Degree power base', 'Auto switch off', 'Dry heat protection', 'Filter', 'Cool touch handle', 'Safety Lock lead', '360 Degree power base', 'Auto switch off', 'Dry heat protection']","['Kettles', 'Small Appliances', 'Kettles', 'Small Appliances', 'Kettles', 'Small Appliances', 'Kettles', 'Small Appliances']","['https://faberindia.com/product-category/small-appliances/kettles/', 'https://faberindia.com/product-category/small-appliances/', 'https://faberindia.com/product-category/small-appliances/kettles/', 'https://faberindia.com/product-category/small-appliances/', 'https://faberindia.com/product-category/small-appliances/kettles/', 'https://faberindia.com/product-category/small-appliances/', 'https://faberindia.com/product-category/small-appliances/kettles/', 'https://faberindia.com/product-category/small-appliances/']",[]
