name,url,img,code,description,category,category_link,additional_info
Crown BK TC 90,https://faberindia.com/product/crown-bk-tc-90/,https://faberindia.com/wp-content/uploads/2020/12/Fabe-Crown-90-1.jpg,325.0484.055,"['Width – 90 cm', 'Suction – 1000 m³/hr', 'Filter – Cassette', 'Control – Touch', 'No. of Speeds – 3']","['Chimney/Hoods', 'Platinum Series']","['https://faberindia.com/product-category/chimney-hoods/', 'https://faberindia.com/product-category/chimney-hoods/platinum-series/']","['(Width - 90 cm)', '(Suction - 1000 m³/hr)', '(Filter - Cassette)', '(Control - Touch)', '(No. of Speeds - 3)', '(Noise level - 62 db (A))', '(Lamp - LED 2 x 3 watt)', '(Warranty - 1 Year)']"
Grace BK TC 90,https://faberindia.com/product/grace-bk-tc-90/,https://faberindia.com/wp-content/uploads/2020/12/Faber-Grace-BK-TC-90.jpg,330.0484.052,"['Width – 90 cm', 'Suction – 1000 m³/hr', 'Filter – Cassette', 'Control – Touch', 'No. of Speeds – 3', 'Width – 90 cm', 'Suction – 1350 m³/hr', 'Filter – Oil collector Filter', 'Control – Electronic Touch', 'No. of Speeds – 3']","['Chimney/Hoods', 'Platinum Series', 'Chimney/Hoods', 'Platinum Series']","['https://faberindia.com/product-category/chimney-hoods/', 'https://faberindia.com/product-category/chimney-hoods/platinum-series/', 'https://faberindia.com/product-category/chimney-hoods/', 'https://faberindia.com/product-category/chimney-hoods/platinum-series/']","['(Width - 90 cm)', '(Suction - 1000 m³/hr)', '(Filter - Cassette)', '(Control - Touch)', '(No. of Speeds - 3)', '(Noise level - 62 db (A))', '(Lamp - LED 2 x 3 watt)', '(Warranty - 1 Year)', '(Width - 90 cm)', '(Suction - 1350 m³/hr)', '(Filter - Oil collector Filter)', '(Control - Electronic Touch)', '(No. of Speeds - 3)', '(Noise level - 49-68 db (A))', '(Lamp - LED 1 x 1.1 watt)', '(Warranty - 1 Year)']"
Infinite BK TC 90,https://faberindia.com/product/infinite-bk-tc-90/,https://faberindia.com/wp-content/uploads/2020/12/infinite-BK-TC-90.png,330.0484.015,"['Width – 90 cm', 'Suction – 1000 m³/hr', 'Filter – Cassette', 'Control – Touch', 'No. of Speeds – 3', 'Width – 90 cm', 'Suction – 1350 m³/hr', 'Filter – Oil collector Filter', 'Control – Electronic Touch', 'No. of Speeds – 3', 'Width – 90 cm', 'Suction – 1200 m³/hr', 'Filter – Cassettes Dishwasher Safe', 'Control – Electronic TFT Touch Control', 'No. of Speeds – 5']","['Chimney/Hoods', 'Platinum Series', 'Chimney/Hoods', 'Platinum Series', 'Chimney/Hoods', 'Platinum Series']","['https://faberindia.com/product-category/chimney-hoods/', 'https://faberindia.com/product-category/chimney-hoods/platinum-series/', 'https://faberindia.com/product-category/chimney-hoods/', 'https://faberindia.com/product-category/chimney-hoods/platinum-series/', 'https://faberindia.com/product-category/chimney-hoods/', 'https://faberindia.com/product-category/chimney-hoods/platinum-series/']","['(Width - 90 cm)', '(Suction - 1000 m³/hr)', '(Filter - Cassette)', '(Control - Touch)', '(No. of Speeds - 3)', '(Noise level - 62 db (A))', '(Lamp - LED 2 x 3 watt)', '(Warranty - 1 Year)', '(Width - 90 cm)', '(Suction - 1350 m³/hr)', '(Filter - Oil collector Filter)', '(Control - Electronic Touch)', '(No. of Speeds - 3)', '(Noise level - 49-68 db (A))', '(Lamp - LED 1 x 1.1 watt)', '(Warranty - 1 Year)', '(Width - 90 cm)', '(Suction - 1200 m³/hr)', '(Filter - Cassettes Dishwasher Safe)', '(Control - Electronic TFT Touch Control)', '(No. of Speeds - 5)', '(Noise level - 44 – 65 db (A))', '(Lamp - LED Light 2 x 1.1 watt)', '(Warranty - 1 Year)']"
INKLINE,https://faberindia.com/product/inkline/,https://faberindia.com/wp-content/uploads/2020/12/110.0156.655_inkline_eg8_xvbk_a90.jpg,110.0156.655,"['Width – 90 cm', 'Suction – 1000 m³/hr', 'Filter – Cassette', 'Control – Touch', 'No. of Speeds – 3', 'Width – 90 cm', 'Suction – 1350 m³/hr', 'Filter – Oil collector Filter', 'Control – Electronic Touch', 'No. of Speeds – 3', 'Width – 90 cm', 'Suction – 1200 m³/hr', 'Filter – Cassettes Dishwasher Safe', 'Control – Electronic TFT Touch Control', 'No. of Speeds – 5', 'Width – 90 cm', 'Suction – 1000 m³/hr', 'Filter – Cassettes Filter', 'Control – Electronic Soft Push Control', 'No. of Speeds – 3']","['Chimney/Hoods', 'Platinum Series', 'Chimney/Hoods', 'Platinum Series', 'Chimney/Hoods', 'Platinum Series', 'Chimney/Hoods', 'Platinum Series', 'Wall Mounted']","['https://faberindia.com/product-category/chimney-hoods/', 'https://faberindia.com/product-category/chimney-hoods/platinum-series/', 'https://faberindia.com/product-category/chimney-hoods/', 'https://faberindia.com/product-category/chimney-hoods/platinum-series/', 'https://faberindia.com/product-category/chimney-hoods/', 'https://faberindia.com/product-category/chimney-hoods/platinum-series/', 'https://faberindia.com/product-category/chimney-hoods/', 'https://faberindia.com/product-category/chimney-hoods/platinum-series/', 'https://faberindia.com/product-category/chimney-hoods/wall-mounted/']","['(Width - 90 cm)', '(Suction - 1000 m³/hr)', '(Filter - Cassette)', '(Control - Touch)', '(No. of Speeds - 3)', '(Noise level - 62 db (A))', '(Lamp - LED 2 x 3 watt)', '(Warranty - 1 Year)', '(Width - 90 cm)', '(Suction - 1350 m³/hr)', '(Filter - Oil collector Filter)', '(Control - Electronic Touch)', '(No. of Speeds - 3)', '(Noise level - 49-68 db (A))', '(Lamp - LED 1 x 1.1 watt)', '(Warranty - 1 Year)', '(Width - 90 cm)', '(Suction - 1200 m³/hr)', '(Filter - Cassettes Dishwasher Safe)', '(Control - Electronic TFT Touch Control)', '(No. of Speeds - 5)', '(Noise level - 44 – 65 db (A))', '(Lamp - LED Light 2 x 1.1 watt)', '(Warranty - 1 Year)', '(Width - 90 cm)', '(Color - Silver)', '(Suction - 1000 m³/hr)', '(Filter - Cassettes Filter)', '(Control - Electronic Soft Push Control)', '(No. of Speeds - 3)', '(Noise level - 44 – 66 db (A))', '(Lamp Spotlights - 2 x 20 W)', '(Warranty - 1 Year)']"
NEST,https://faberindia.com/product/nest/,https://faberindia.com/wp-content/uploads/2020/12/110.0157.234_nest_set_1.jpg,110.0157.234,"['Width – 90 cm', 'Suction – 1000 m³/hr', 'Filter – Cassette', 'Control – Touch', 'No. of Speeds – 3', 'Width – 90 cm', 'Suction – 1350 m³/hr', 'Filter – Oil collector Filter', 'Control – Electronic Touch', 'No. of Speeds – 3', 'Width – 90 cm', 'Suction – 1200 m³/hr', 'Filter – Cassettes Dishwasher Safe', 'Control – Electronic TFT Touch Control', 'No. of Speeds – 5', 'Width – 90 cm', 'Suction – 1000 m³/hr', 'Filter – Cassettes Filter', 'Control – Electronic Soft Push Control', 'No. of Speeds – 3', 'Width – 86 cm', 'Suction – 1000 m³/hr', 'Filter – Cassettes', 'Control – Electronic Control', 'No. of Speeds – 3']","['Chimney/Hoods', 'Platinum Series', 'Chimney/Hoods', 'Platinum Series', 'Chimney/Hoods', 'Platinum Series', 'Chimney/Hoods', 'Platinum Series', 'Wall Mounted', 'Chimney/Hoods', 'Platinum Series', 'Wall Mounted']","['https://faberindia.com/product-category/chimney-hoods/', 'https://faberindia.com/product-category/chimney-hoods/platinum-series/', 'https://faberindia.com/product-category/chimney-hoods/', 'https://faberindia.com/product-category/chimney-hoods/platinum-series/', 'https://faberindia.com/product-category/chimney-hoods/', 'https://faberindia.com/product-category/chimney-hoods/platinum-series/', 'https://faberindia.com/product-category/chimney-hoods/', 'https://faberindia.com/product-category/chimney-hoods/platinum-series/', 'https://faberindia.com/product-category/chimney-hoods/wall-mounted/', 'https://faberindia.com/product-category/chimney-hoods/', 'https://faberindia.com/product-category/chimney-hoods/platinum-series/', 'https://faberindia.com/product-category/chimney-hoods/wall-mounted/']","['(Width - 90 cm)', '(Suction - 1000 m³/hr)', '(Filter - Cassette)', '(Control - Touch)', '(No. of Speeds - 3)', '(Noise level - 62 db (A))', '(Lamp - LED 2 x 3 watt)', '(Warranty - 1 Year)', '(Width - 90 cm)', '(Suction - 1350 m³/hr)', '(Filter - Oil collector Filter)', '(Control - Electronic Touch)', '(No. of Speeds - 3)', '(Noise level - 49-68 db (A))', '(Lamp - LED 1 x 1.1 watt)', '(Warranty - 1 Year)', '(Width - 90 cm)', '(Suction - 1200 m³/hr)', '(Filter - Cassettes Dishwasher Safe)', '(Control - Electronic TFT Touch Control)', '(No. of Speeds - 5)', '(Noise level - 44 – 65 db (A))', '(Lamp - LED Light 2 x 1.1 watt)', '(Warranty - 1 Year)', '(Width - 90 cm)', '(Color - Silver)', '(Suction - 1000 m³/hr)', '(Filter - Cassettes Filter)', '(Control - Electronic Soft Push Control)', '(No. of Speeds - 3)', '(Noise level - 44 – 66 db (A))', '(Lamp Spotlights - 2 x 20 W)', '(Warranty - 1 Year)', '(Width - 86 cm)', '(Color - Silver)', '(Suction - 1000 m³/hr)', '(Filter - Cassettes)', '(Control - Electronic Control)', '(No. of Speeds - 3)', '(Noise level - 49 – 68 db (A))', '(Lamp - Spotlights 4 x 20 W)', '(Warranty - 1 Year)']"
Nova SS TC 90,https://faberindia.com/product/nova-ss-tc-90/,https://faberindia.com/wp-content/uploads/2020/12/Hood-Nova-SS-TC-90.png,325.0484.018,"['Width – 90 cm', 'Suction – 1000 m³/hr', 'Filter – Cassette', 'Control – Touch', 'No. of Speeds – 3', 'Width – 90 cm', 'Suction – 1350 m³/hr', 'Filter – Oil collector Filter', 'Control – Electronic Touch', 'No. of Speeds – 3', 'Width – 90 cm', 'Suction – 1200 m³/hr', 'Filter – Cassettes Dishwasher Safe', 'Control – Electronic TFT Touch Control', 'No. of Speeds – 5', 'Width – 90 cm', 'Suction – 1000 m³/hr', 'Filter – Cassettes Filter', 'Control – Electronic Soft Push Control', 'No. of Speeds – 3', 'Width – 86 cm', 'Suction – 1000 m³/hr', 'Filter – Cassettes', 'Control – Electronic Control', 'No. of Speeds – 3', 'Width – 90 cm', 'Suction – 1000 m³/hr', 'Filter – SS Cassettes Dishwasher safe', 'Control – Electronic Touch', 'No. of Speeds – 4']","['Chimney/Hoods', 'Platinum Series', 'Chimney/Hoods', 'Platinum Series', 'Chimney/Hoods', 'Platinum Series', 'Chimney/Hoods', 'Platinum Series', 'Wall Mounted', 'Chimney/Hoods', 'Platinum Series', 'Wall Mounted', 'Chimney/Hoods', 'Platinum Series']","['https://faberindia.com/product-category/chimney-hoods/', 'https://faberindia.com/product-category/chimney-hoods/platinum-series/', 'https://faberindia.com/product-category/chimney-hoods/', 'https://faberindia.com/product-category/chimney-hoods/platinum-series/', 'https://faberindia.com/product-category/chimney-hoods/', 'https://faberindia.com/product-category/chimney-hoods/platinum-series/', 'https://faberindia.com/product-category/chimney-hoods/', 'https://faberindia.com/product-category/chimney-hoods/platinum-series/', 'https://faberindia.com/product-category/chimney-hoods/wall-mounted/', 'https://faberindia.com/product-category/chimney-hoods/', 'https://faberindia.com/product-category/chimney-hoods/platinum-series/', 'https://faberindia.com/product-category/chimney-hoods/wall-mounted/', 'https://faberindia.com/product-category/chimney-hoods/', 'https://faberindia.com/product-category/chimney-hoods/platinum-series/']","['(Width - 90 cm)', '(Suction - 1000 m³/hr)', '(Filter - Cassette)', '(Control - Touch)', '(No. of Speeds - 3)', '(Noise level - 62 db (A))', '(Lamp - LED 2 x 3 watt)', '(Warranty - 1 Year)', '(Width - 90 cm)', '(Suction - 1350 m³/hr)', '(Filter - Oil collector Filter)', '(Control - Electronic Touch)', '(No. of Speeds - 3)', '(Noise level - 49-68 db (A))', '(Lamp - LED 1 x 1.1 watt)', '(Warranty - 1 Year)', '(Width - 90 cm)', '(Suction - 1200 m³/hr)', '(Filter - Cassettes Dishwasher Safe)', '(Control - Electronic TFT Touch Control)', '(No. of Speeds - 5)', '(Noise level - 44 – 65 db (A))', '(Lamp - LED Light 2 x 1.1 watt)', '(Warranty - 1 Year)', '(Width - 90 cm)', '(Color - Silver)', '(Suction - 1000 m³/hr)', '(Filter - Cassettes Filter)', '(Control - Electronic Soft Push Control)', '(No. of Speeds - 3)', '(Noise level - 44 – 66 db (A))', '(Lamp Spotlights - 2 x 20 W)', '(Warranty - 1 Year)', '(Width - 86 cm)', '(Color - Silver)', '(Suction - 1000 m³/hr)', '(Filter - Cassettes)', '(Control - Electronic Control)', '(No. of Speeds - 3)', '(Noise level - 49 – 68 db (A))', '(Lamp - Spotlights 4 x 20 W)', '(Warranty - 1 Year)', '(Width - 90 cm)', '(Suction - 1000 m³/hr)', '(Filter - SS Cassettes Dishwasher safe)', '(Control - Electronic Touch)', '(No. of Speeds - 4)', '(Noise level - 49 – 68 db (A))', '(Lamp - LED 2 x 1.1 watt)', '(Warranty - 1 Year)']"
Novel SS PB 90,https://faberindia.com/product/novel-ss-pb-90/,https://faberindia.com/wp-content/uploads/2020/12/Hood-Novel-SS-PB-90.png,325.0484.020,"['Width – 90 cm', 'Suction – 1000 m³/hr', 'Filter – Cassette', 'Control – Touch', 'No. of Speeds – 3', 'Width – 90 cm', 'Suction – 1350 m³/hr', 'Filter – Oil collector Filter', 'Control – Electronic Touch', 'No. of Speeds – 3', 'Width – 90 cm', 'Suction – 1200 m³/hr', 'Filter – Cassettes Dishwasher Safe', 'Control – Electronic TFT Touch Control', 'No. of Speeds – 5', 'Width – 90 cm', 'Suction – 1000 m³/hr', 'Filter – Cassettes Filter', 'Control – Electronic Soft Push Control', 'No. of Speeds – 3', 'Width – 86 cm', 'Suction – 1000 m³/hr', 'Filter – Cassettes', 'Control – Electronic Control', 'No. of Speeds – 3', 'Width – 90 cm', 'Suction – 1000 m³/hr', 'Filter – SS Cassettes Dishwasher safe', 'Control – Electronic Touch', 'No. of Speeds – 4', 'Width – 90 cm', 'Suction – 1000 m³/hr', 'Filter – Cassettes Dishwasher safe', 'Control – Electronic Touch', 'No. of Speeds – 3']","['Chimney/Hoods', 'Platinum Series', 'Chimney/Hoods', 'Platinum Series', 'Chimney/Hoods', 'Platinum Series', 'Chimney/Hoods', 'Platinum Series', 'Wall Mounted', 'Chimney/Hoods', 'Platinum Series', 'Wall Mounted', 'Chimney/Hoods', 'Platinum Series', 'Chimney/Hoods', 'Platinum Series']","['https://faberindia.com/product-category/chimney-hoods/', 'https://faberindia.com/product-category/chimney-hoods/platinum-series/', 'https://faberindia.com/product-category/chimney-hoods/', 'https://faberindia.com/product-category/chimney-hoods/platinum-series/', 'https://faberindia.com/product-category/chimney-hoods/', 'https://faberindia.com/product-category/chimney-hoods/platinum-series/', 'https://faberindia.com/product-category/chimney-hoods/', 'https://faberindia.com/product-category/chimney-hoods/platinum-series/', 'https://faberindia.com/product-category/chimney-hoods/wall-mounted/', 'https://faberindia.com/product-category/chimney-hoods/', 'https://faberindia.com/product-category/chimney-hoods/platinum-series/', 'https://faberindia.com/product-category/chimney-hoods/wall-mounted/', 'https://faberindia.com/product-category/chimney-hoods/', 'https://faberindia.com/product-category/chimney-hoods/platinum-series/', 'https://faberindia.com/product-category/chimney-hoods/', 'https://faberindia.com/product-category/chimney-hoods/platinum-series/']","['(Width - 90 cm)', '(Suction - 1000 m³/hr)', '(Filter - Cassette)', '(Control - Touch)', '(No. of Speeds - 3)', '(Noise level - 62 db (A))', '(Lamp - LED 2 x 3 watt)', '(Warranty - 1 Year)', '(Width - 90 cm)', '(Suction - 1350 m³/hr)', '(Filter - Oil collector Filter)', '(Control - Electronic Touch)', '(No. of Speeds - 3)', '(Noise level - 49-68 db (A))', '(Lamp - LED 1 x 1.1 watt)', '(Warranty - 1 Year)', '(Width - 90 cm)', '(Suction - 1200 m³/hr)', '(Filter - Cassettes Dishwasher Safe)', '(Control - Electronic TFT Touch Control)', '(No. of Speeds - 5)', '(Noise level - 44 – 65 db (A))', '(Lamp - LED Light 2 x 1.1 watt)', '(Warranty - 1 Year)', '(Width - 90 cm)', '(Color - Silver)', '(Suction - 1000 m³/hr)', '(Filter - Cassettes Filter)', '(Control - Electronic Soft Push Control)', '(No. of Speeds - 3)', '(Noise level - 44 – 66 db (A))', '(Lamp Spotlights - 2 x 20 W)', '(Warranty - 1 Year)', '(Width - 86 cm)', '(Color - Silver)', '(Suction - 1000 m³/hr)', '(Filter - Cassettes)', '(Control - Electronic Control)', '(No. of Speeds - 3)', '(Noise level - 49 – 68 db (A))', '(Lamp - Spotlights 4 x 20 W)', '(Warranty - 1 Year)', '(Width - 90 cm)', '(Suction - 1000 m³/hr)', '(Filter - SS Cassettes Dishwasher safe)', '(Control - Electronic Touch)', '(No. of Speeds - 4)', '(Noise level - 49 – 68 db (A))', '(Lamp - LED 2 x 1.1 watt)', '(Warranty - 1 Year)', '(Width - 90 cm)', '(Suction - 1000 m³/hr)', '(Filter - Cassettes Dishwasher safe)', '(Control - Electronic Touch)', '(No. of Speeds - 3)', '(Noise level - 39 – 72 db (A))', '(Lamp - LED 2 x 3 watt)', '(Warranty - 1 Year)']"
Prime SS TC 90,https://faberindia.com/product/prime-ss-tc-90/,https://faberindia.com/wp-content/uploads/2020/12/Hood-Prime-SS-TC-90.png,325.0484.019,"['Width – 90 cm', 'Suction – 1000 m³/hr', 'Filter – Cassette', 'Control – Touch', 'No. of Speeds – 3', 'Width – 90 cm', 'Suction – 1350 m³/hr', 'Filter – Oil collector Filter', 'Control – Electronic Touch', 'No. of Speeds – 3', 'Width – 90 cm', 'Suction – 1200 m³/hr', 'Filter – Cassettes Dishwasher Safe', 'Control – Electronic TFT Touch Control', 'No. of Speeds – 5', 'Width – 90 cm', 'Suction – 1000 m³/hr', 'Filter – Cassettes Filter', 'Control – Electronic Soft Push Control', 'No. of Speeds – 3', 'Width – 86 cm', 'Suction – 1000 m³/hr', 'Filter – Cassettes', 'Control – Electronic Control', 'No. of Speeds – 3', 'Width – 90 cm', 'Suction – 1000 m³/hr', 'Filter – SS Cassettes Dishwasher safe', 'Control – Electronic Touch', 'No. of Speeds – 4', 'Width – 90 cm', 'Suction – 1000 m³/hr', 'Filter – Cassettes Dishwasher safe', 'Control – Electronic Touch', 'No. of Speeds – 3', 'Width – 90 cm', 'Suction – 1000 m³/hr', 'Filter – Cassettes Dishwasher safe', 'Control – Electronic Touch', 'No. of Speeds – 4']","['Chimney/Hoods', 'Platinum Series', 'Chimney/Hoods', 'Platinum Series', 'Chimney/Hoods', 'Platinum Series', 'Chimney/Hoods', 'Platinum Series', 'Wall Mounted', 'Chimney/Hoods', 'Platinum Series', 'Wall Mounted', 'Chimney/Hoods', 'Platinum Series', 'Chimney/Hoods', 'Platinum Series', 'Chimney/Hoods', 'Platinum Series']","['https://faberindia.com/product-category/chimney-hoods/', 'https://faberindia.com/product-category/chimney-hoods/platinum-series/', 'https://faberindia.com/product-category/chimney-hoods/', 'https://faberindia.com/product-category/chimney-hoods/platinum-series/', 'https://faberindia.com/product-category/chimney-hoods/', 'https://faberindia.com/product-category/chimney-hoods/platinum-series/', 'https://faberindia.com/product-category/chimney-hoods/', 'https://faberindia.com/product-category/chimney-hoods/platinum-series/', 'https://faberindia.com/product-category/chimney-hoods/wall-mounted/', 'https://faberindia.com/product-category/chimney-hoods/', 'https://faberindia.com/product-category/chimney-hoods/platinum-series/', 'https://faberindia.com/product-category/chimney-hoods/wall-mounted/', 'https://faberindia.com/product-category/chimney-hoods/', 'https://faberindia.com/product-category/chimney-hoods/platinum-series/', 'https://faberindia.com/product-category/chimney-hoods/', 'https://faberindia.com/product-category/chimney-hoods/platinum-series/', 'https://faberindia.com/product-category/chimney-hoods/', 'https://faberindia.com/product-category/chimney-hoods/platinum-series/']","['(Width - 90 cm)', '(Suction - 1000 m³/hr)', '(Filter - Cassette)', '(Control - Touch)', '(No. of Speeds - 3)', '(Noise level - 62 db (A))', '(Lamp - LED 2 x 3 watt)', '(Warranty - 1 Year)', '(Width - 90 cm)', '(Suction - 1350 m³/hr)', '(Filter - Oil collector Filter)', '(Control - Electronic Touch)', '(No. of Speeds - 3)', '(Noise level - 49-68 db (A))', '(Lamp - LED 1 x 1.1 watt)', '(Warranty - 1 Year)', '(Width - 90 cm)', '(Suction - 1200 m³/hr)', '(Filter - Cassettes Dishwasher Safe)', '(Control - Electronic TFT Touch Control)', '(No. of Speeds - 5)', '(Noise level - 44 – 65 db (A))', '(Lamp - LED Light 2 x 1.1 watt)', '(Warranty - 1 Year)', '(Width - 90 cm)', '(Color - Silver)', '(Suction - 1000 m³/hr)', '(Filter - Cassettes Filter)', '(Control - Electronic Soft Push Control)', '(No. of Speeds - 3)', '(Noise level - 44 – 66 db (A))', '(Lamp Spotlights - 2 x 20 W)', '(Warranty - 1 Year)', '(Width - 86 cm)', '(Color - Silver)', '(Suction - 1000 m³/hr)', '(Filter - Cassettes)', '(Control - Electronic Control)', '(No. of Speeds - 3)', '(Noise level - 49 – 68 db (A))', '(Lamp - Spotlights 4 x 20 W)', '(Warranty - 1 Year)', '(Width - 90 cm)', '(Suction - 1000 m³/hr)', '(Filter - SS Cassettes Dishwasher safe)', '(Control - Electronic Touch)', '(No. of Speeds - 4)', '(Noise level - 49 – 68 db (A))', '(Lamp - LED 2 x 1.1 watt)', '(Warranty - 1 Year)', '(Width - 90 cm)', '(Suction - 1000 m³/hr)', '(Filter - Cassettes Dishwasher safe)', '(Control - Electronic Touch)', '(No. of Speeds - 3)', '(Noise level - 39 – 72 db (A))', '(Lamp - LED 2 x 3 watt)', '(Warranty - 1 Year)', '(Width - 90 cm)', '(Suction - 1000 m³/hr)', '(Filter - Cassettes Dishwasher safe)', '(Control - Electronic Touch)', '(No. of Speeds - 4)', '(Noise level - 44 – 65 db (A))', '(Lamp - LED 2 x 1.1 watt)', '(Warranty - 1 Year)']"
SKY LIFT,https://faberindia.com/product/sky-lift/,https://faberindia.com/wp-content/uploads/2020/12/110.0324.939_sky_lift.jpg,110.0324.939,"['Width – 90 cm', 'Suction – 1000 m³/hr', 'Filter – Cassette', 'Control – Touch', 'No. of Speeds – 3', 'Width – 90 cm', 'Suction – 1350 m³/hr', 'Filter – Oil collector Filter', 'Control – Electronic Touch', 'No. of Speeds – 3', 'Width – 90 cm', 'Suction – 1200 m³/hr', 'Filter – Cassettes Dishwasher Safe', 'Control – Electronic TFT Touch Control', 'No. of Speeds – 5', 'Width – 90 cm', 'Suction – 1000 m³/hr', 'Filter – Cassettes Filter', 'Control – Electronic Soft Push Control', 'No. of Speeds – 3', 'Width – 86 cm', 'Suction – 1000 m³/hr', 'Filter – Cassettes', 'Control – Electronic Control', 'No. of Speeds – 3', 'Width – 90 cm', 'Suction – 1000 m³/hr', 'Filter – SS Cassettes Dishwasher safe', 'Control – Electronic Touch', 'No. of Speeds – 4', 'Width – 90 cm', 'Suction – 1000 m³/hr', 'Filter – Cassettes Dishwasher safe', 'Control – Electronic Touch', 'No. of Speeds – 3', 'Width – 90 cm', 'Suction – 1000 m³/hr', 'Filter – Cassettes Dishwasher safe', 'Control – Electronic Touch', 'No. of Speeds – 4', 'Width – 90 cm', 'Suction – 1000 m³/hr', 'Filter – Cassettes Dishwasher Safe', 'Control – Electronic Control', 'No. of Speeds – 3']","['Chimney/Hoods', 'Platinum Series', 'Chimney/Hoods', 'Platinum Series', 'Chimney/Hoods', 'Platinum Series', 'Chimney/Hoods', 'Platinum Series', 'Wall Mounted', 'Chimney/Hoods', 'Platinum Series', 'Wall Mounted', 'Chimney/Hoods', 'Platinum Series', 'Chimney/Hoods', 'Platinum Series', 'Chimney/Hoods', 'Platinum Series', 'Chimney/Hoods', 'Platinum Series', 'Wall Mounted']","['https://faberindia.com/product-category/chimney-hoods/', 'https://faberindia.com/product-category/chimney-hoods/platinum-series/', 'https://faberindia.com/product-category/chimney-hoods/', 'https://faberindia.com/product-category/chimney-hoods/platinum-series/', 'https://faberindia.com/product-category/chimney-hoods/', 'https://faberindia.com/product-category/chimney-hoods/platinum-series/', 'https://faberindia.com/product-category/chimney-hoods/', 'https://faberindia.com/product-category/chimney-hoods/platinum-series/', 'https://faberindia.com/product-category/chimney-hoods/wall-mounted/', 'https://faberindia.com/product-category/chimney-hoods/', 'https://faberindia.com/product-category/chimney-hoods/platinum-series/', 'https://faberindia.com/product-category/chimney-hoods/wall-mounted/', 'https://faberindia.com/product-category/chimney-hoods/', 'https://faberindia.com/product-category/chimney-hoods/platinum-series/', 'https://faberindia.com/product-category/chimney-hoods/', 'https://faberindia.com/product-category/chimney-hoods/platinum-series/', 'https://faberindia.com/product-category/chimney-hoods/', 'https://faberindia.com/product-category/chimney-hoods/platinum-series/', 'https://faberindia.com/product-category/chimney-hoods/', 'https://faberindia.com/product-category/chimney-hoods/platinum-series/', 'https://faberindia.com/product-category/chimney-hoods/wall-mounted/']","['(Width - 90 cm)', '(Suction - 1000 m³/hr)', '(Filter - Cassette)', '(Control - Touch)', '(No. of Speeds - 3)', '(Noise level - 62 db (A))', '(Lamp - LED 2 x 3 watt)', '(Warranty - 1 Year)', '(Width - 90 cm)', '(Suction - 1350 m³/hr)', '(Filter - Oil collector Filter)', '(Control - Electronic Touch)', '(No. of Speeds - 3)', '(Noise level - 49-68 db (A))', '(Lamp - LED 1 x 1.1 watt)', '(Warranty - 1 Year)', '(Width - 90 cm)', '(Suction - 1200 m³/hr)', '(Filter - Cassettes Dishwasher Safe)', '(Control - Electronic TFT Touch Control)', '(No. of Speeds - 5)', '(Noise level - 44 – 65 db (A))', '(Lamp - LED Light 2 x 1.1 watt)', '(Warranty - 1 Year)', '(Width - 90 cm)', '(Color - Silver)', '(Suction - 1000 m³/hr)', '(Filter - Cassettes Filter)', '(Control - Electronic Soft Push Control)', '(No. of Speeds - 3)', '(Noise level - 44 – 66 db (A))', '(Lamp Spotlights - 2 x 20 W)', '(Warranty - 1 Year)', '(Width - 86 cm)', '(Color - Silver)', '(Suction - 1000 m³/hr)', '(Filter - Cassettes)', '(Control - Electronic Control)', '(No. of Speeds - 3)', '(Noise level - 49 – 68 db (A))', '(Lamp - Spotlights 4 x 20 W)', '(Warranty - 1 Year)', '(Width - 90 cm)', '(Suction - 1000 m³/hr)', '(Filter - SS Cassettes Dishwasher safe)', '(Control - Electronic Touch)', '(No. of Speeds - 4)', '(Noise level - 49 – 68 db (A))', '(Lamp - LED 2 x 1.1 watt)', '(Warranty - 1 Year)', '(Width - 90 cm)', '(Suction - 1000 m³/hr)', '(Filter - Cassettes Dishwasher safe)', '(Control - Electronic Touch)', '(No. of Speeds - 3)', '(Noise level - 39 – 72 db (A))', '(Lamp - LED 2 x 3 watt)', '(Warranty - 1 Year)', '(Width - 90 cm)', '(Suction - 1000 m³/hr)', '(Filter - Cassettes Dishwasher safe)', '(Control - Electronic Touch)', '(No. of Speeds - 4)', '(Noise level - 44 – 65 db (A))', '(Lamp - LED 2 x 1.1 watt)', '(Warranty - 1 Year)', '(Width - 90 cm)', '(Color - Silver)', '(Suction - 1000 m³/hr)', '(Filter - Cassettes Dishwasher Safe)', '(Control - Electronic Control)', '(No. of Speeds - 3)', '(Noise level - 44 – 65 db (A))', '(Lamp - LED Light 2 x Strips)', '(Warranty - 1 Year)']"
Stately BK TC 90,https://faberindia.com/product/stately-bk-tc-90/,https://faberindia.com/wp-content/uploads/2020/12/Hood-Stately-BK-TC-90.png,330.0484.054,"['Width – 90 cm', 'Suction – 1000 m³/hr', 'Filter – Cassette', 'Control – Touch', 'No. of Speeds – 3', 'Width – 90 cm', 'Suction – 1350 m³/hr', 'Filter – Oil collector Filter', 'Control – Electronic Touch', 'No. of Speeds – 3', 'Width – 90 cm', 'Suction – 1200 m³/hr', 'Filter – Cassettes Dishwasher Safe', 'Control – Electronic TFT Touch Control', 'No. of Speeds – 5', 'Width – 90 cm', 'Suction – 1000 m³/hr', 'Filter – Cassettes Filter', 'Control – Electronic Soft Push Control', 'No. of Speeds – 3', 'Width – 86 cm', 'Suction – 1000 m³/hr', 'Filter – Cassettes', 'Control – Electronic Control', 'No. of Speeds – 3', 'Width – 90 cm', 'Suction – 1000 m³/hr', 'Filter – SS Cassettes Dishwasher safe', 'Control – Electronic Touch', 'No. of Speeds – 4', 'Width – 90 cm', 'Suction – 1000 m³/hr', 'Filter – Cassettes Dishwasher safe', 'Control – Electronic Touch', 'No. of Speeds – 3', 'Width – 90 cm', 'Suction – 1000 m³/hr', 'Filter – Cassettes Dishwasher safe', 'Control – Electronic Touch', 'No. of Speeds – 4', 'Width – 90 cm', 'Suction – 1000 m³/hr', 'Filter – Cassettes Dishwasher Safe', 'Control – Electronic Control', 'No. of Speeds – 3', 'Width – 90 cm', 'Suction – 1000 m³/hr', 'Filter – Cassettes Dishwasher safe', 'Control – Electronic Touch', 'No. of Speeds – 3']","['Chimney/Hoods', 'Platinum Series', 'Chimney/Hoods', 'Platinum Series', 'Chimney/Hoods', 'Platinum Series', 'Chimney/Hoods', 'Platinum Series', 'Wall Mounted', 'Chimney/Hoods', 'Platinum Series', 'Wall Mounted', 'Chimney/Hoods', 'Platinum Series', 'Chimney/Hoods', 'Platinum Series', 'Chimney/Hoods', 'Platinum Series', 'Chimney/Hoods', 'Platinum Series', 'Wall Mounted', 'Chimney/Hoods', 'Platinum Series']","['https://faberindia.com/product-category/chimney-hoods/', 'https://faberindia.com/product-category/chimney-hoods/platinum-series/', 'https://faberindia.com/product-category/chimney-hoods/', 'https://faberindia.com/product-category/chimney-hoods/platinum-series/', 'https://faberindia.com/product-category/chimney-hoods/', 'https://faberindia.com/product-category/chimney-hoods/platinum-series/', 'https://faberindia.com/product-category/chimney-hoods/', 'https://faberindia.com/product-category/chimney-hoods/platinum-series/', 'https://faberindia.com/product-category/chimney-hoods/wall-mounted/', 'https://faberindia.com/product-category/chimney-hoods/', 'https://faberindia.com/product-category/chimney-hoods/platinum-series/', 'https://faberindia.com/product-category/chimney-hoods/wall-mounted/', 'https://faberindia.com/product-category/chimney-hoods/', 'https://faberindia.com/product-category/chimney-hoods/platinum-series/', 'https://faberindia.com/product-category/chimney-hoods/', 'https://faberindia.com/product-category/chimney-hoods/platinum-series/', 'https://faberindia.com/product-category/chimney-hoods/', 'https://faberindia.com/product-category/chimney-hoods/platinum-series/', 'https://faberindia.com/product-category/chimney-hoods/', 'https://faberindia.com/product-category/chimney-hoods/platinum-series/', 'https://faberindia.com/product-category/chimney-hoods/wall-mounted/', 'https://faberindia.com/product-category/chimney-hoods/', 'https://faberindia.com/product-category/chimney-hoods/platinum-series/']","['(Width - 90 cm)', '(Suction - 1000 m³/hr)', '(Filter - Cassette)', '(Control - Touch)', '(No. of Speeds - 3)', '(Noise level - 62 db (A))', '(Lamp - LED 2 x 3 watt)', '(Warranty - 1 Year)', '(Width - 90 cm)', '(Suction - 1350 m³/hr)', '(Filter - Oil collector Filter)', '(Control - Electronic Touch)', '(No. of Speeds - 3)', '(Noise level - 49-68 db (A))', '(Lamp - LED 1 x 1.1 watt)', '(Warranty - 1 Year)', '(Width - 90 cm)', '(Suction - 1200 m³/hr)', '(Filter - Cassettes Dishwasher Safe)', '(Control - Electronic TFT Touch Control)', '(No. of Speeds - 5)', '(Noise level - 44 – 65 db (A))', '(Lamp - LED Light 2 x 1.1 watt)', '(Warranty - 1 Year)', '(Width - 90 cm)', '(Color - Silver)', '(Suction - 1000 m³/hr)', '(Filter - Cassettes Filter)', '(Control - Electronic Soft Push Control)', '(No. of Speeds - 3)', '(Noise level - 44 – 66 db (A))', '(Lamp Spotlights - 2 x 20 W)', '(Warranty - 1 Year)', '(Width - 86 cm)', '(Color - Silver)', '(Suction - 1000 m³/hr)', '(Filter - Cassettes)', '(Control - Electronic Control)', '(No. of Speeds - 3)', '(Noise level - 49 – 68 db (A))', '(Lamp - Spotlights 4 x 20 W)', '(Warranty - 1 Year)', '(Width - 90 cm)', '(Suction - 1000 m³/hr)', '(Filter - SS Cassettes Dishwasher safe)', '(Control - Electronic Touch)', '(No. of Speeds - 4)', '(Noise level - 49 – 68 db (A))', '(Lamp - LED 2 x 1.1 watt)', '(Warranty - 1 Year)', '(Width - 90 cm)', '(Suction - 1000 m³/hr)', '(Filter - Cassettes Dishwasher safe)', '(Control - Electronic Touch)', '(No. of Speeds - 3)', '(Noise level - 39 – 72 db (A))', '(Lamp - LED 2 x 3 watt)', '(Warranty - 1 Year)', '(Width - 90 cm)', '(Suction - 1000 m³/hr)', '(Filter - Cassettes Dishwasher safe)', '(Control - Electronic Touch)', '(No. of Speeds - 4)', '(Noise level - 44 – 65 db (A))', '(Lamp - LED 2 x 1.1 watt)', '(Warranty - 1 Year)', '(Width - 90 cm)', '(Color - Silver)', '(Suction - 1000 m³/hr)', '(Filter - Cassettes Dishwasher Safe)', '(Control - Electronic Control)', '(No. of Speeds - 3)', '(Noise level - 44 – 65 db (A))', '(Lamp - LED Light 2 x Strips)', '(Warranty - 1 Year)', '(Width - 90 cm)', '(Suction - 1000 m³/hr)', '(Filter - Cassettes Dishwasher safe)', '(Control - Electronic Touch)', '(No. of Speeds - 3)', '(Noise level - 45 – 68 db (A))', '(Lamp - LED 1 x 4 watt)', '(Warranty - 1 Year)']"
