name,url,img,code,description,category,category_link,additional_info
Conico Plus BF BK 60,https://faberindia.com/product/conico-plus-bf-bk-60/,https://faberindia.com/wp-content/uploads/2020/11/conico_bk_front-1-1.jpg,325.0606.001,"['Width – 60 cm', 'Finish – Black', 'Suction – 800 m³/hr', 'Filter – Baffle', 'Control – Push button', 'Lamp – CFL 2×5 watt']","['Chimney/Hoods', 'Traditional']","['https://faberindia.com/product-category/chimney-hoods/', 'https://faberindia.com/product-category/chimney-hoods/traditional/']","['(Color - Black)', '(Width - 60 cm)', '(Suction - 800 m³/hr)', '(Control - Push button)', '(Filter - Baffle Filter)', '(Dimensions - 29 cm x 60 cm x 51 cm)', '(Warranty - 1 Year Comprehensive, 5 Years on Motor and Rotor)']"
MARTINI TC BK LTW 60,https://faberindia.com/product/martini-tc-bk-ltw-60/,https://faberindia.com/wp-content/uploads/2020/12/martini-faberk.jpg,330.0561.280,"['Width – 60 cm', 'Finish – Black', 'Suction – 800 m³/hr', 'Filter – Baffle', 'Control – Push button', 'Lamp – CFL 2×5 watt', 'Width – 60 cm', 'Finish – Black', 'Suction – 1000 m³/hr', 'Filter – Cassette', 'Control – Touch']","['Chimney/Hoods', 'Traditional', 'Chimney/Hoods', 'Traditional', 'Wall Mounted']","['https://faberindia.com/product-category/chimney-hoods/', 'https://faberindia.com/product-category/chimney-hoods/traditional/', 'https://faberindia.com/product-category/chimney-hoods/', 'https://faberindia.com/product-category/chimney-hoods/traditional/', 'https://faberindia.com/product-category/chimney-hoods/wall-mounted/']","['(Color - Black)', '(Width - 60 cm)', '(Suction - 800 m³/hr)', '(Control - Push button)', '(Filter - Baffle Filter)', '(Dimensions - 29 cm x 60 cm x 51 cm)', '(Warranty - 1 Year Comprehensive, 5 Years on Motor and Rotor)', '(Width - 60 cm)', '(Finish - Black)', '(Suction - 1000 m³/hr)', '(Filter - Cassette)', '(Control - Touch)', '(Lamp - LED 2×1.1 watt)', '(Warranty - Lifetime Warranty)']"
Peppy Plus BK LTW 45,https://faberindia.com/product/peppy-plus-bk-ltw-45/,https://faberindia.com/wp-content/uploads/2020/12/Hood-Peppy-Plus-BK-LTW-45-1.png,330.0497.209,"['Width – 60 cm', 'Finish – Black', 'Suction – 800 m³/hr', 'Filter – Baffle', 'Control – Push button', 'Lamp – CFL 2×5 watt', 'Width – 60 cm', 'Finish – Black', 'Suction – 1000 m³/hr', 'Filter – Cassette', 'Control – Touch', 'Width – 45 cm', 'Finish – Black', 'Suction – 1000 m³/hr', 'Filter- Cassette', 'Control – Rotary knob']","['Chimney/Hoods', 'Traditional', 'Chimney/Hoods', 'Traditional', 'Wall Mounted', 'Chimney/Hoods', 'Traditional', 'Wall Mounted']","['https://faberindia.com/product-category/chimney-hoods/', 'https://faberindia.com/product-category/chimney-hoods/traditional/', 'https://faberindia.com/product-category/chimney-hoods/', 'https://faberindia.com/product-category/chimney-hoods/traditional/', 'https://faberindia.com/product-category/chimney-hoods/wall-mounted/', 'https://faberindia.com/product-category/chimney-hoods/', 'https://faberindia.com/product-category/chimney-hoods/traditional/', 'https://faberindia.com/product-category/chimney-hoods/wall-mounted/']","['(Color - Black)', '(Width - 60 cm)', '(Suction - 800 m³/hr)', '(Control - Push button)', '(Filter - Baffle Filter)', '(Dimensions - 29 cm x 60 cm x 51 cm)', '(Warranty - 1 Year Comprehensive, 5 Years on Motor and Rotor)', '(Width - 60 cm)', '(Finish - Black)', '(Suction - 1000 m³/hr)', '(Filter - Cassette)', '(Control - Touch)', '(Lamp - LED 2×1.1 watt)', '(Warranty - Lifetime Warranty)', '(Width - 45 cm)', '(Finish - Black)', '(Suction - 1000 m³/hr)', '(Filter - Cassette)', '(Control - Rotary knob)', '(Lamp - LED 1×1.1 watt)', '(Warranty - Lifetime warranty)']"
Peppy Plus BK LTW 60,https://faberindia.com/product/peppy-plus-bk-ltw-60/,https://faberindia.com/wp-content/uploads/2020/12/Peppy-Plus-BK-LTW-60.jpg,330.0497.271,"['Width – 60 cm', 'Finish – Black', 'Suction – 800 m³/hr', 'Filter – Baffle', 'Control – Push button', 'Lamp – CFL 2×5 watt', 'Width – 60 cm', 'Finish – Black', 'Suction – 1000 m³/hr', 'Filter – Cassette', 'Control – Touch', 'Width – 45 cm', 'Finish – Black', 'Suction – 1000 m³/hr', 'Filter- Cassette', 'Control – Rotary knob', 'Width – 60 cm', 'Finish – Black', 'Suction – 1000 m³/hr', 'Filter- Cassette', 'Control – Rotary knob']","['Chimney/Hoods', 'Traditional', 'Chimney/Hoods', 'Traditional', 'Wall Mounted', 'Chimney/Hoods', 'Traditional', 'Wall Mounted', 'Chimney/Hoods', 'Traditional', 'Wall Mounted']","['https://faberindia.com/product-category/chimney-hoods/', 'https://faberindia.com/product-category/chimney-hoods/traditional/', 'https://faberindia.com/product-category/chimney-hoods/', 'https://faberindia.com/product-category/chimney-hoods/traditional/', 'https://faberindia.com/product-category/chimney-hoods/wall-mounted/', 'https://faberindia.com/product-category/chimney-hoods/', 'https://faberindia.com/product-category/chimney-hoods/traditional/', 'https://faberindia.com/product-category/chimney-hoods/wall-mounted/', 'https://faberindia.com/product-category/chimney-hoods/', 'https://faberindia.com/product-category/chimney-hoods/traditional/', 'https://faberindia.com/product-category/chimney-hoods/wall-mounted/']","['(Color - Black)', '(Width - 60 cm)', '(Suction - 800 m³/hr)', '(Control - Push button)', '(Filter - Baffle Filter)', '(Dimensions - 29 cm x 60 cm x 51 cm)', '(Warranty - 1 Year Comprehensive, 5 Years on Motor and Rotor)', '(Width - 60 cm)', '(Finish - Black)', '(Suction - 1000 m³/hr)', '(Filter - Cassette)', '(Control - Touch)', '(Lamp - LED 2×1.1 watt)', '(Warranty - Lifetime Warranty)', '(Width - 45 cm)', '(Finish - Black)', '(Suction - 1000 m³/hr)', '(Filter - Cassette)', '(Control - Rotary knob)', '(Lamp - LED 1×1.1 watt)', '(Warranty - Lifetime warranty)', '(Width - 60 cm)', '(Finish - Black)', '(Filter - Cassette)', '(Control - Rotary knob)', '(Lamp - LED 1×1.1 watt)', '(Warranty - Lifetime warranty)']"
PRETTY PLUS PRO BK PB LTW 60,https://faberindia.com/product/pretty-plus-pro-bk-pb-ltw-60/,https://faberindia.com/wp-content/uploads/2021/02/pretty-plus-pro-2.jpg,325.0615.530,"['Width – 60 cm', 'Finish – Black', 'Suction – 800 m³/hr', 'Filter – Baffle', 'Control – Push button', 'Lamp – CFL 2×5 watt', 'Width – 60 cm', 'Finish – Black', 'Suction – 1000 m³/hr', 'Filter – Cassette', 'Control – Touch', 'Width – 45 cm', 'Finish – Black', 'Suction – 1000 m³/hr', 'Filter- Cassette', 'Control – Rotary knob', 'Width – 60 cm', 'Finish – Black', 'Suction – 1000 m³/hr', 'Filter- Cassette', 'Control – Rotary knob', 'Width – 60 cm', 'Finish – Black', 'Suction – 1000 m³/hr', 'Filter – 3 layer baffle filter', 'Control – Push button', 'Lamp – LED Filament 2X1.1 watt']","['Chimney/Hoods', 'Traditional', 'Chimney/Hoods', 'Traditional', 'Wall Mounted', 'Chimney/Hoods', 'Traditional', 'Wall Mounted', 'Chimney/Hoods', 'Traditional', 'Wall Mounted', 'Chimney/Hoods', 'Traditional']","['https://faberindia.com/product-category/chimney-hoods/', 'https://faberindia.com/product-category/chimney-hoods/traditional/', 'https://faberindia.com/product-category/chimney-hoods/', 'https://faberindia.com/product-category/chimney-hoods/traditional/', 'https://faberindia.com/product-category/chimney-hoods/wall-mounted/', 'https://faberindia.com/product-category/chimney-hoods/', 'https://faberindia.com/product-category/chimney-hoods/traditional/', 'https://faberindia.com/product-category/chimney-hoods/wall-mounted/', 'https://faberindia.com/product-category/chimney-hoods/', 'https://faberindia.com/product-category/chimney-hoods/traditional/', 'https://faberindia.com/product-category/chimney-hoods/wall-mounted/', 'https://faberindia.com/product-category/chimney-hoods/', 'https://faberindia.com/product-category/chimney-hoods/traditional/']","['(Color - Black)', '(Width - 60 cm)', '(Suction - 800 m³/hr)', '(Control - Push button)', '(Filter - Baffle Filter)', '(Dimensions - 29 cm x 60 cm x 51 cm)', '(Warranty - 1 Year Comprehensive, 5 Years on Motor and Rotor)', '(Width - 60 cm)', '(Finish - Black)', '(Suction - 1000 m³/hr)', '(Filter - Cassette)', '(Control - Touch)', '(Lamp - LED 2×1.1 watt)', '(Warranty - Lifetime Warranty)', '(Width - 45 cm)', '(Finish - Black)', '(Suction - 1000 m³/hr)', '(Filter - Cassette)', '(Control - Rotary knob)', '(Lamp - LED 1×1.1 watt)', '(Warranty - Lifetime warranty)', '(Width - 60 cm)', '(Finish - Black)', '(Filter - Cassette)', '(Control - Rotary knob)', '(Lamp - LED 1×1.1 watt)', '(Warranty - Lifetime warranty)', '(Width - 60 cm)', '(Finish - Black)', '(Suction - 1000 m³/hr)', '(Filter - 3 Layer Baffle Filter)', '(Control - Push Button)', '(Lamp - LED Filament 2X1.1 watt)', '(Warranty - 1 Year Comprehensive, 12 Years On Motor)']"
Tratto Plus BK LTW 60,https://faberindia.com/product/tratto-plus-bk-ltw-60/,https://faberindia.com/wp-content/uploads/2021/03/tratto_4.jpg,110.0330.304,"['Width – 60 cm', 'Finish – Black', 'Suction – 800 m³/hr', 'Filter – Baffle', 'Control – Push button', 'Lamp – CFL 2×5 watt', 'Width – 60 cm', 'Finish – Black', 'Suction – 1000 m³/hr', 'Filter – Cassette', 'Control – Touch', 'Width – 45 cm', 'Finish – Black', 'Suction – 1000 m³/hr', 'Filter- Cassette', 'Control – Rotary knob', 'Width – 60 cm', 'Finish – Black', 'Suction – 1000 m³/hr', 'Filter- Cassette', 'Control – Rotary knob', 'Width – 60 cm', 'Finish – Black', 'Suction – 1000 m³/hr', 'Filter – 3 layer baffle filter', 'Control – Push button', 'Lamp – LED Filament 2X1.1 watt', 'Width – 60 cm', 'Finish – Black', 'Suction – 1000 m³/hr', 'Filter – Baffle filter', 'Control- Push button']","['Chimney/Hoods', 'Traditional', 'Chimney/Hoods', 'Traditional', 'Wall Mounted', 'Chimney/Hoods', 'Traditional', 'Wall Mounted', 'Chimney/Hoods', 'Traditional', 'Wall Mounted', 'Chimney/Hoods', 'Traditional', 'Chimney/Hoods', 'Traditional']","['https://faberindia.com/product-category/chimney-hoods/', 'https://faberindia.com/product-category/chimney-hoods/traditional/', 'https://faberindia.com/product-category/chimney-hoods/', 'https://faberindia.com/product-category/chimney-hoods/traditional/', 'https://faberindia.com/product-category/chimney-hoods/wall-mounted/', 'https://faberindia.com/product-category/chimney-hoods/', 'https://faberindia.com/product-category/chimney-hoods/traditional/', 'https://faberindia.com/product-category/chimney-hoods/wall-mounted/', 'https://faberindia.com/product-category/chimney-hoods/', 'https://faberindia.com/product-category/chimney-hoods/traditional/', 'https://faberindia.com/product-category/chimney-hoods/wall-mounted/', 'https://faberindia.com/product-category/chimney-hoods/', 'https://faberindia.com/product-category/chimney-hoods/traditional/', 'https://faberindia.com/product-category/chimney-hoods/', 'https://faberindia.com/product-category/chimney-hoods/traditional/']","['(Color - Black)', '(Width - 60 cm)', '(Suction - 800 m³/hr)', '(Control - Push button)', '(Filter - Baffle Filter)', '(Dimensions - 29 cm x 60 cm x 51 cm)', '(Warranty - 1 Year Comprehensive, 5 Years on Motor and Rotor)', '(Width - 60 cm)', '(Finish - Black)', '(Suction - 1000 m³/hr)', '(Filter - Cassette)', '(Control - Touch)', '(Lamp - LED 2×1.1 watt)', '(Warranty - Lifetime Warranty)', '(Width - 45 cm)', '(Finish - Black)', '(Suction - 1000 m³/hr)', '(Filter - Cassette)', '(Control - Rotary knob)', '(Lamp - LED 1×1.1 watt)', '(Warranty - Lifetime warranty)', '(Width - 60 cm)', '(Finish - Black)', '(Filter - Cassette)', '(Control - Rotary knob)', '(Lamp - LED 1×1.1 watt)', '(Warranty - Lifetime warranty)', '(Width - 60 cm)', '(Finish - Black)', '(Suction - 1000 m³/hr)', '(Filter - 3 Layer Baffle Filter)', '(Control - Push Button)', '(Lamp - LED Filament 2X1.1 watt)', '(Warranty - 1 Year Comprehensive, 12 Years On Motor)', '(Width - 60 cm)', '(Suction - 1000 m³/hr)', '(Color - Black)', '(Filter - Baffle Filter)', '(Lamp - LED 2×1.1 watt)', '(Control - Push button)', '(No. of Speeds - 3)', '(Noise level - 62 db (A))', '(Warranty - Lifetime Warranty (12 years))']"
TRATTO TC BK LTW 60,https://faberindia.com/product/tratto-tc-bk-ltw-60/,https://faberindia.com/wp-content/uploads/2020/12/tratto-plus-tc-bk-60-3.jpg,325.0560.711,"['Width – 60 cm', 'Finish – Black', 'Suction – 800 m³/hr', 'Filter – Baffle', 'Control – Push button', 'Lamp – CFL 2×5 watt', 'Width – 60 cm', 'Finish – Black', 'Suction – 1000 m³/hr', 'Filter – Cassette', 'Control – Touch', 'Width – 45 cm', 'Finish – Black', 'Suction – 1000 m³/hr', 'Filter- Cassette', 'Control – Rotary knob', 'Width – 60 cm', 'Finish – Black', 'Suction – 1000 m³/hr', 'Filter- Cassette', 'Control – Rotary knob', 'Width – 60 cm', 'Finish – Black', 'Suction – 1000 m³/hr', 'Filter – 3 layer baffle filter', 'Control – Push button', 'Lamp – LED Filament 2X1.1 watt', 'Width – 60 cm', 'Finish – Black', 'Suction – 1000 m³/hr', 'Filter – Baffle filter', 'Control- Push button', 'Width – 60 cm', 'Finish – Black', 'Suction – 1000 m³/hr', 'Filter – 3 layer baffle filter', 'Controls – Touch']","['Chimney/Hoods', 'Traditional', 'Chimney/Hoods', 'Traditional', 'Wall Mounted', 'Chimney/Hoods', 'Traditional', 'Wall Mounted', 'Chimney/Hoods', 'Traditional', 'Wall Mounted', 'Chimney/Hoods', 'Traditional', 'Chimney/Hoods', 'Traditional', 'Chimney/Hoods', 'Traditional', 'Wall Mounted']","['https://faberindia.com/product-category/chimney-hoods/', 'https://faberindia.com/product-category/chimney-hoods/traditional/', 'https://faberindia.com/product-category/chimney-hoods/', 'https://faberindia.com/product-category/chimney-hoods/traditional/', 'https://faberindia.com/product-category/chimney-hoods/wall-mounted/', 'https://faberindia.com/product-category/chimney-hoods/', 'https://faberindia.com/product-category/chimney-hoods/traditional/', 'https://faberindia.com/product-category/chimney-hoods/wall-mounted/', 'https://faberindia.com/product-category/chimney-hoods/', 'https://faberindia.com/product-category/chimney-hoods/traditional/', 'https://faberindia.com/product-category/chimney-hoods/wall-mounted/', 'https://faberindia.com/product-category/chimney-hoods/', 'https://faberindia.com/product-category/chimney-hoods/traditional/', 'https://faberindia.com/product-category/chimney-hoods/', 'https://faberindia.com/product-category/chimney-hoods/traditional/', 'https://faberindia.com/product-category/chimney-hoods/', 'https://faberindia.com/product-category/chimney-hoods/traditional/', 'https://faberindia.com/product-category/chimney-hoods/wall-mounted/']","['(Color - Black)', '(Width - 60 cm)', '(Suction - 800 m³/hr)', '(Control - Push button)', '(Filter - Baffle Filter)', '(Dimensions - 29 cm x 60 cm x 51 cm)', '(Warranty - 1 Year Comprehensive, 5 Years on Motor and Rotor)', '(Width - 60 cm)', '(Finish - Black)', '(Suction - 1000 m³/hr)', '(Filter - Cassette)', '(Control - Touch)', '(Lamp - LED 2×1.1 watt)', '(Warranty - Lifetime Warranty)', '(Width - 45 cm)', '(Finish - Black)', '(Suction - 1000 m³/hr)', '(Filter - Cassette)', '(Control - Rotary knob)', '(Lamp - LED 1×1.1 watt)', '(Warranty - Lifetime warranty)', '(Width - 60 cm)', '(Finish - Black)', '(Filter - Cassette)', '(Control - Rotary knob)', '(Lamp - LED 1×1.1 watt)', '(Warranty - Lifetime warranty)', '(Width - 60 cm)', '(Finish - Black)', '(Suction - 1000 m³/hr)', '(Filter - 3 Layer Baffle Filter)', '(Control - Push Button)', '(Lamp - LED Filament 2X1.1 watt)', '(Warranty - 1 Year Comprehensive, 12 Years On Motor)', '(Width - 60 cm)', '(Suction - 1000 m³/hr)', '(Color - Black)', '(Filter - Baffle Filter)', '(Lamp - LED 2×1.1 watt)', '(Control - Push button)', '(No. of Speeds - 3)', '(Noise level - 62 db (A))', '(Warranty - Lifetime Warranty (12 years))', '(Width - 60 cm)', '(Finish - Black)', '(Suction - 1000 m³/hr)', '(Filter - 3 layer baffle filter)', '(Controls - Touch)', '(Lamp - LED 2×1.1 watt)', '(Warranty - Lifetime warranty)']"
